STRUCTURE,STRUCTURE_ID,STRUCTURE_NAME,freq,Time frequency,unit,Unit of measure,sector,Sector,sector2,Counterpart sector,expend,Expenditure and investment,isced11,International Standard Classification of Education (ISCED 2011),geo,Geopolitical entity (reporting),TIME_PERIOD,Time,OBS_VALUE,Observation value,OBS_FLAG,Observation status (Flag) V2 structure,CONF_STATUS,Confidentiality status (flag)
dataflow,ESTAT:EDUC_UOE_FINE02(1.0),"Public educational expenditure by education level, programme orientation, type of source and expenditure category",A,Annual,MIO_EUR,Million euro,S13,General government,S1,Total economy,TOTAL,Total,ED5-8,Tertiary education (levels 5-8),AT,Austria,2014,,5901.3,,,,,
dataflow,ESTAT:EDUC_UOE_FINE02(1.0),"Public educational expenditure by education level, programme orientation, type of source and expenditure category",A,Annual,MIO_EUR,Million euro,S13,General government,S1,Total economy,TOTAL,Total,ED5-8,Tertiary education (levels 5-8),AT,Austria,2015,,6130.3,,,,,
dataflow,ESTAT:EDUC_UOE_FINE02(1.0),"Public educational expenditure by education level, programme orientation, type of source and expenditure category",A,Annual,MIO_EUR,Million euro,S13,General government,S1,Total economy,TOTAL,Total,ED5-8,Tertiary education (levels 5-8),AT,Austria,2016,,6366.3,,,,,
dataflow,ESTAT:EDUC_UOE_FINE02(1.0),"Public educational expenditure by education level, programme orientation, type of source and expenditure category",A,Annual,MIO_EUR,Million euro,S13,General government,S1,Total economy,TOTAL,Total,ED5-8,Tertiary education (levels 5-8),AT,Austria,2017,,6322.5,,,,,
dataflow,ESTAT:EDUC_UOE_FINE02(1.0),"Public educational expenditure by education level, programme orientation, type of source and expenditure category",A,Annual,MIO_EUR,Million euro,S13,General government,S1,Total economy,TOTAL,Total,ED5-8,Tertiary education (levels 5-8),AT,Austria,2018,,6546.2,,,,,
dataflow,ESTAT:EDUC_UOE_FINE02(1.0),"Public educational expenditure by education level, programme orientation, type of source and expenditure category",A,Annual,MIO_EUR,Million euro,S13,General government,S1,Total economy,TOTAL,Total,ED5-8,Tertiary education (levels 5-8),AT,Austria,2019,,6196.7,,,,,
dataflow,ESTAT:EDUC_UOE_FINE02(1.0),"Public educational expenditure by education level, programme orientation, type of source and expenditure category",A,Annual,MIO_EUR,Million euro,S13,General government,S1,Total economy,TOTAL,Total,ED5-8,Tertiary education (levels 5-8),AT,Austria,2020,,7085.5,,,,,
dataflow,ESTAT:EDUC_UOE_FINE02(1.0),"Public educational expenditure by education level, programme orientation, type of source and expenditure category",A,Annual,MIO_EUR,Million euro,S13,General government,S1,Total economy,TOTAL,Total,ED5-8,Tertiary education (levels 5-8),AT,Austria,2021,,7510.9,,,,,
dataflow,ESTAT:EDUC_UOE_FINE02(1.0),"Public educational expenditure by education level, programme orientation, type of source and expenditure category",A,Annual,MIO_EUR,Million euro,S13,General government,S1,Total economy,TOTAL,Total,ED5-8,Tertiary education (levels 5-8),AT,Austria,2022,,7975.0,,,,,
dataflow,ESTAT:EDUC_UOE_FINE02(1.0),"Public educational expenditure by education level, programme orientation, type of source and expenditure category",A,Annual,MIO_EUR,Million euro,S13,General government,S1,Total economy,TOTAL,Total,ED5-8,Tertiary education (levels 5-8),BA,Bosnia and Herzegovina,2016,,114.6,,,,,
dataflow,ESTAT:EDUC_UOE_FINE02(1.0),"Public educational expenditure by education level, programme orientation, type of source and expenditure category",A,Annual,MIO_EUR,Million euro,S13,General government,S1,Total economy,TOTAL,Total,ED5-8,Tertiary education (levels 5-8),BA,Bosnia and Herzegovina,2017,,133.0,,,,,
dataflow,ESTAT:EDUC_UOE_FINE02(1.0),"Public educational expenditure by education level, programme orientation, type of source and expenditure category",A,Annual,MIO_EUR,Million euro,S13,General government,S1,Total economy,TOTAL,Total,ED5-8,Tertiary education (levels 5-8),BA,Bosnia and Herzegovina,2018,,128.2,,,,,
dataflow,ESTAT:EDUC_UOE_FINE02(1.0),"Public educational expenditure by education level, programme orientation, type of source and expenditure category",A,Annual,MIO_EUR,Million euro,S13,General government,S1,Total economy,TOTAL,Total,ED5-8,Tertiary education (levels 5-8),BA,Bosnia and Herzegovina,2019,,147.6,,,,,
dataflow,ESTAT:EDUC_UOE_FINE02(1.0),"Public educational expenditure by education level, programme orientation, type of source and expenditure category",A,Annual,MIO_EUR,Million euro,S13,General government,S1,Total economy,TOTAL,Total,ED5-8,Tertiary education (levels 5-8),BA,Bosnia and Herzegovina,2020,,145.9,,,,,
dataflow,ESTAT:EDUC_UOE_FINE02(1.0),"Public educational expenditure by education level, programme orientation, type of source and expenditure category",A,Annual,MIO_EUR,Million euro,S13,General government,S1,Total economy,TOTAL,Total,ED5-8,Tertiary education (levels 5-8),BA,Bosnia and Herzegovina,2021,,160.6,,,,,
dataflow,ESTAT:EDUC_UOE_FINE02(1.0),"Public educational expenditure by education level, programme orientation, type of source and expenditure category",A,Annual,MIO_EUR,Million euro,S13,General government,S1,Total economy,TOTAL,Total,ED5-8,Tertiary education (levels 5-8),BA,Bosnia and Herzegovina,2022,,19918.3,,,,,
dataflow,ESTAT:EDUC_UOE_FINE02(1.0),"Public educational expenditure by education level, programme orientation, type of source and expenditure category",A,Annual,MIO_EUR,Million euro,S13,General government,S1,Total economy,TOTAL,Total,ED5-8,Tertiary education (levels 5-8),BE,Belgium,2014,,5974.9,,,,,
dataflow,ESTAT:EDUC_UOE_FINE02(1.0),"Public educational expenditure by education level, programme orientation, type of source and expenditure category",A,Annual,MIO_EUR,Million euro,S13,General government,S1,Total economy,TOTAL,Total,ED5-8,Tertiary education (levels 5-8),BE,Belgium,2015,,5949.0,,,,,
dataflow,ESTAT:EDUC_UOE_FINE02(1.0),"Public educational expenditure by education level, programme orientation, type of source and expenditure category",A,Annual,MIO_EUR,Million euro,S13,General government,S1,Total economy,TOTAL,Total,ED5-8,Tertiary education (levels 5-8),BE,Belgium,2016,,6184.5,,,,,
dataflow,ESTAT:EDUC_UOE_FINE02(1.0),"Public educational expenditure by education level, programme orientation, type of source and expenditure category",A,Annual,MIO_EUR,Million euro,S13,General government,S1,Total economy,TOTAL,Total,ED5-8,Tertiary education (levels 5-8),BE,Belgium,2017,,6551.2,,,,,
dataflow,ESTAT:EDUC_UOE_FINE02(1.0),"Public educational expenditure by education level, programme orientation, type of source and expenditure category",A,Annual,MIO_EUR,Million euro,S13,General government,S1,Total economy,TOTAL,Total,ED5-8,Tertiary education (levels 5-8),BE,Belgium,2018,,6851.9,,,,,
dataflow,ESTAT:EDUC_UOE_FINE02(1.0),"Public educational expenditure by education level, programme orientation, type of source and expenditure category",A,Annual,MIO_EUR,Million euro,S13,General government,S1,Total economy,TOTAL,Total,ED5-8,Tertiary education (levels 5-8),BE,Belgium,2019,,7209.1,,,,,
dataflow,ESTAT:EDUC_UOE_FINE02(1.0),"Public educational expenditure by education level, programme orientation, type of source and expenditure category",A,Annual,MIO_EUR,Million euro,S13,General government,S1,Total economy,TOTAL,Total,ED5-8,Tertiary education (levels 5-8),BE,Belgium,2020,,7435.3,,,,,
dataflow,ESTAT:EDUC_UOE_FINE02(1.0),"Public educational expenditure by education level, programme orientation, type of source and expenditure category",A,Annual,MIO_EUR,Million euro,S13,General government,S1,Total economy,TOTAL,Total,ED5-8,Tertiary education (levels 5-8),BE,Belgium,2021,,7737.1,,,,,
dataflow,ESTAT:EDUC_UOE_FINE02(1.0),"Public educational expenditure by education level, programme orientation, type of source and expenditure category",A,Annual,MIO_EUR,Million euro,S13,General government,S1,Total economy,TOTAL,Total,ED5-8,Tertiary education (levels 5-8),BE,Belgium,2022,,8720.3,,,,,
dataflow,ESTAT:EDUC_UOE_FINE02(1.0),"Public educational expenditure by education level, programme orientation, type of source and expenditure category",A,Annual,MIO_EUR,Million euro,S13,General government,S1,Total economy,TOTAL,Total,ED5-8,Tertiary education (levels 5-8),BE,Belgium,2023,,8854.3,,,,,
dataflow,ESTAT:EDUC_UOE_FINE02(1.0),"Public educational expenditure by education level, programme orientation, type of source and expenditure category",A,Annual,MIO_EUR,Million euro,S13,General government,S1,Total economy,TOTAL,Total,ED5-8,Tertiary education (levels 5-8),BG,Bulgaria,2014,,298.8,,,,,
dataflow,ESTAT:EDUC_UOE_FINE02(1.0),"Public educational expenditure by education level, programme orientation, type of source and expenditure category",A,Annual,MIO_EUR,Million euro,S13,General government,S1,Total economy,TOTAL,Total,ED5-8,Tertiary education (levels 5-8),BG,Bulgaria,2015,,292.3,,,,,
dataflow,ESTAT:EDUC_UOE_FINE02(1.0),"Public educational expenditure by education level, programme orientation, type of source and expenditure category",A,Annual,MIO_EUR,Million euro,S13,General government,S1,Total economy,TOTAL,Total,ED5-8,Tertiary education (levels 5-8),BG,Bulgaria,2016,,286.2,,,,,
dataflow,ESTAT:EDUC_UOE_FINE02(1.0),"Public educational expenditure by education level, programme orientation, type of source and expenditure category",A,Annual,MIO_EUR,Million euro,S13,General government,S1,Total economy,TOTAL,Total,ED5-8,Tertiary education (levels 5-8),BG,Bulgaria,2017,,423.9,,,,,
dataflow,ESTAT:EDUC_UOE_FINE02(1.0),"Public educational expenditure by education level, programme orientation, type of source and expenditure category",A,Annual,MIO_EUR,Million euro,S13,General government,S1,Total economy,TOTAL,Total,ED5-8,Tertiary education (levels 5-8),BG,Bulgaria,2018,,424.7,,,,,
dataflow,ESTAT:EDUC_UOE_FINE02(1.0),"Public educational expenditure by education level, programme orientation, type of source and expenditure category",A,Annual,MIO_EUR,Million euro,S13,General government,S1,Total economy,TOTAL,Total,ED5-8,Tertiary education (levels 5-8),BG,Bulgaria,2019,,492.0,,,,,
dataflow,ESTAT:EDUC_UOE_FINE02(1.0),"Public educational expenditure by education level, programme orientation, type of source and expenditure category",A,Annual,MIO_EUR,Million euro,S13,General government,S1,Total economy,TOTAL,Total,ED5-8,Tertiary education (levels 5-8),BG,Bulgaria,2020,,509.3,,,,,
dataflow,ESTAT:EDUC_UOE_FINE02(1.0),"Public educational expenditure by education level, programme orientation, type of source and expenditure category",A,Annual,MIO_EUR,Million euro,S13,General government,S1,Total economy,TOTAL,Total,ED5-8,Tertiary education (levels 5-8),BG,Bulgaria,2021,,592.4,,,,,
dataflow,ESTAT:EDUC_UOE_FINE02(1.0),"Public educational expenditure by education level, programme orientation, type of source and expenditure category",A,Annual,MIO_EUR,Million euro,S13,General government,S1,Total economy,TOTAL,Total,ED5-8,Tertiary education (levels 5-8),BG,Bulgaria,2022,,628.2,,,,,
dataflow,ESTAT:EDUC_UOE_FINE02(1.0),"Public educational expenditure by education level, programme orientation, type of source and expenditure category",A,Annual,MIO_EUR,Million euro,S13,General government,S1,Total economy,TOTAL,Total,ED5-8,Tertiary education (levels 5-8),BG,Bulgaria,2023,,692.2,,,,,
dataflow,ESTAT:EDUC_UOE_FINE02(1.0),"Public educational expenditure by education level, programme orientation, type of source and expenditure category",A,Annual,MIO_EUR,Million euro,S13,General government,S1,Total economy,TOTAL,Total,ED5-8,Tertiary education (levels 5-8),CH,Switzerland,2014,,7127.4,,,,,
dataflow,ESTAT:EDUC_UOE_FINE02(1.0),"Public educational expenditure by education level, programme orientation, type of source and expenditure category",A,Annual,MIO_EUR,Million euro,S13,General government,S1,Total economy,TOTAL,Total,ED5-8,Tertiary education (levels 5-8),CH,Switzerland,2015,,8206.8,,,,,
dataflow,ESTAT:EDUC_UOE_FINE02(1.0),"Public educational expenditure by education level, programme orientation, type of source and expenditure category",A,Annual,MIO_EUR,Million euro,S13,General government,S1,Total economy,TOTAL,Total,ED5-8,Tertiary education (levels 5-8),CH,Switzerland,2016,,8054.3,,,,,
dataflow,ESTAT:EDUC_UOE_FINE02(1.0),"Public educational expenditure by education level, programme orientation, type of source and expenditure category",A,Annual,MIO_EUR,Million euro,S13,General government,S1,Total economy,TOTAL,Total,ED5-8,Tertiary education (levels 5-8),CH,Switzerland,2017,,8181.1,,,,,
dataflow,ESTAT:EDUC_UOE_FINE02(1.0),"Public educational expenditure by education level, programme orientation, type of source and expenditure category",A,Annual,MIO_EUR,Million euro,S13,General government,S1,Total economy,TOTAL,Total,ED5-8,Tertiary education (levels 5-8),CH,Switzerland,2018,,8053.7,,,,,
dataflow,ESTAT:EDUC_UOE_FINE02(1.0),"Public educational expenditure by education level, programme orientation, type of source and expenditure category",A,Annual,MIO_EUR,Million euro,S13,General government,S1,Total economy,TOTAL,Total,ED5-8,Tertiary education (levels 5-8),CH,Switzerland,2019,,8550.7,,,,,
dataflow,ESTAT:EDUC_UOE_FINE02(1.0),"Public educational expenditure by education level, programme orientation, type of source and expenditure category",A,Annual,MIO_EUR,Million euro,S13,General government,S1,Total economy,TOTAL,Total,ED5-8,Tertiary education (levels 5-8),CH,Switzerland,2020,,9155.7,,,,,
dataflow,ESTAT:EDUC_UOE_FINE02(1.0),"Public educational expenditure by education level, programme orientation, type of source and expenditure category",A,Annual,MIO_EUR,Million euro,S13,General government,S1,Total economy,TOTAL,Total,ED5-8,Tertiary education (levels 5-8),CH,Switzerland,2021,,8970.7,,,,,
dataflow,ESTAT:EDUC_UOE_FINE02(1.0),"Public educational expenditure by education level, programme orientation, type of source and expenditure category",A,Annual,MIO_EUR,Million euro,S13,General government,S1,Total economy,TOTAL,Total,ED5-8,Tertiary education (levels 5-8),CH,Switzerland,2022,,9731.8,,,,,
dataflow,ESTAT:EDUC_UOE_FINE02(1.0),"Public educational expenditure by education level, programme orientation, type of source and expenditure category",A,Annual,MIO_EUR,Million euro,S13,General government,S1,Total economy,TOTAL,Total,ED5-8,Tertiary education (levels 5-8),CY,Cyprus,2014,,189.3,,,,,
dataflow,ESTAT:EDUC_UOE_FINE02(1.0),"Public educational expenditure by education level, programme orientation, type of source and expenditure category",A,Annual,MIO_EUR,Million euro,S13,General government,S1,Total economy,TOTAL,Total,ED5-8,Tertiary education (levels 5-8),CY,Cyprus,2015,,201.5,,,,,
dataflow,ESTAT:EDUC_UOE_FINE02(1.0),"Public educational expenditure by education level, programme orientation, type of source and expenditure category",A,Annual,MIO_EUR,Million euro,S13,General government,S1,Total economy,TOTAL,Total,ED5-8,Tertiary education (levels 5-8),CY,Cyprus,2016,,194.9,,,,,
dataflow,ESTAT:EDUC_UOE_FINE02(1.0),"Public educational expenditure by education level, programme orientation, type of source and expenditure category",A,Annual,MIO_EUR,Million euro,S13,General government,S1,Total economy,TOTAL,Total,ED5-8,Tertiary education (levels 5-8),CY,Cyprus,2017,,232.6,,,,,
dataflow,ESTAT:EDUC_UOE_FINE02(1.0),"Public educational expenditure by education level, programme orientation, type of source and expenditure category",A,Annual,MIO_EUR,Million euro,S13,General government,S1,Total economy,TOTAL,Total,ED5-8,Tertiary education (levels 5-8),CY,Cyprus,2018,,203.1,,,,,
dataflow,ESTAT:EDUC_UOE_FINE02(1.0),"Public educational expenditure by education level, programme orientation, type of source and expenditure category",A,Annual,MIO_EUR,Million euro,S13,General government,S1,Total economy,TOTAL,Total,ED5-8,Tertiary education (levels 5-8),CY,Cyprus,2019,,204.0,,,,,
dataflow,ESTAT:EDUC_UOE_FINE02(1.0),"Public educational expenditure by education level, programme orientation, type of source and expenditure category",A,Annual,MIO_EUR,Million euro,S13,General government,S1,Total economy,TOTAL,Total,ED5-8,Tertiary education (levels 5-8),CY,Cyprus,2020,,200.2,,,,,
dataflow,ESTAT:EDUC_UOE_FINE02(1.0),"Public educational expenditure by education level, programme orientation, type of source and expenditure category",A,Annual,MIO_EUR,Million euro,S13,General government,S1,Total economy,TOTAL,Total,ED5-8,Tertiary education (levels 5-8),CY,Cyprus,2021,,220.8,,,,,
dataflow,ESTAT:EDUC_UOE_FINE02(1.0),"Public educational expenditure by education level, programme orientation, type of source and expenditure category",A,Annual,MIO_EUR,Million euro,S13,General government,S1,Total economy,TOTAL,Total,ED5-8,Tertiary education (levels 5-8),CY,Cyprus,2022,,229.7,,,,,
dataflow,ESTAT:EDUC_UOE_FINE02(1.0),"Public educational expenditure by education level, programme orientation, type of source and expenditure category",A,Annual,MIO_EUR,Million euro,S13,General government,S1,Total economy,TOTAL,Total,ED5-8,Tertiary education (levels 5-8),CY,Cyprus,2023,,248.0,,,,,
dataflow,ESTAT:EDUC_UOE_FINE02(1.0),"Public educational expenditure by education level, programme orientation, type of source and expenditure category",A,Annual,MIO_EUR,Million euro,S13,General government,S1,Total economy,TOTAL,Total,ED5-8,Tertiary education (levels 5-8),CZ,Czechia,2014,,1253.6,,,,,
dataflow,ESTAT:EDUC_UOE_FINE02(1.0),"Public educational expenditure by education level, programme orientation, type of source and expenditure category",A,Annual,MIO_EUR,Million euro,S13,General government,S1,Total economy,TOTAL,Total,ED5-8,Tertiary education (levels 5-8),CZ,Czechia,2015,,1299.8,,,,,
dataflow,ESTAT:EDUC_UOE_FINE02(1.0),"Public educational expenditure by education level, programme orientation, type of source and expenditure category",A,Annual,MIO_EUR,Million euro,S13,General government,S1,Total economy,TOTAL,Total,ED5-8,Tertiary education (levels 5-8),CZ,Czechia,2016,,1241.3,,,,,
dataflow,ESTAT:EDUC_UOE_FINE02(1.0),"Public educational expenditure by education level, programme orientation, type of source and expenditure category",A,Annual,MIO_EUR,Million euro,S13,General government,S1,Total economy,TOTAL,Total,ED5-8,Tertiary education (levels 5-8),CZ,Czechia,2017,,1350.6,,,,,
dataflow,ESTAT:EDUC_UOE_FINE02(1.0),"Public educational expenditure by education level, programme orientation, type of source and expenditure category",A,Annual,MIO_EUR,Million euro,S13,General government,S1,Total economy,TOTAL,Total,ED5-8,Tertiary education (levels 5-8),CZ,Czechia,2018,,1947.9,,,,,
dataflow,ESTAT:EDUC_UOE_FINE02(1.0),"Public educational expenditure by education level, programme orientation, type of source and expenditure category",A,Annual,MIO_EUR,Million euro,S13,General government,S1,Total economy,TOTAL,Total,ED5-8,Tertiary education (levels 5-8),CZ,Czechia,2019,,2097.9,,,,,
dataflow,ESTAT:EDUC_UOE_FINE02(1.0),"Public educational expenditure by education level, programme orientation, type of source and expenditure category",A,Annual,MIO_EUR,Million euro,S13,General government,S1,Total economy,TOTAL,Total,ED5-8,Tertiary education (levels 5-8),CZ,Czechia,2020,,1858.3,,,,,
dataflow,ESTAT:EDUC_UOE_FINE02(1.0),"Public educational expenditure by education level, programme orientation, type of source and expenditure category",A,Annual,MIO_EUR,Million euro,S13,General government,S1,Total economy,TOTAL,Total,ED5-8,Tertiary education (levels 5-8),CZ,Czechia,2021,,2149.8,,,,,
dataflow,ESTAT:EDUC_UOE_FINE02(1.0),"Public educational expenditure by education level, programme orientation, type of source and expenditure category",A,Annual,MIO_EUR,Million euro,S13,General government,S1,Total economy,TOTAL,Total,ED5-8,Tertiary education (levels 5-8),CZ,Czechia,2022,,2256.7,,,,,
dataflow,ESTAT:EDUC_UOE_FINE02(1.0),"Public educational expenditure by education level, programme orientation, type of source and expenditure category",A,Annual,MIO_EUR,Million euro,S13,General government,S1,Total economy,TOTAL,Total,ED5-8,Tertiary education (levels 5-8),DE,Germany,2014,,37360.4,,,,,
dataflow,ESTAT:EDUC_UOE_FINE02(1.0),"Public educational expenditure by education level, programme orientation, type of source and expenditure category",A,Annual,MIO_EUR,Million euro,S13,General government,S1,Total economy,TOTAL,Total,ED5-8,Tertiary education (levels 5-8),DE,Germany,2015,,38016.2,,,,,
dataflow,ESTAT:EDUC_UOE_FINE02(1.0),"Public educational expenditure by education level, programme orientation, type of source and expenditure category",A,Annual,MIO_EUR,Million euro,S13,General government,S1,Total economy,TOTAL,Total,ED5-8,Tertiary education (levels 5-8),DE,Germany,2016,,39421.5,,,,,
dataflow,ESTAT:EDUC_UOE_FINE02(1.0),"Public educational expenditure by education level, programme orientation, type of source and expenditure category",A,Annual,MIO_EUR,Million euro,S13,General government,S1,Total economy,TOTAL,Total,ED5-8,Tertiary education (levels 5-8),DE,Germany,2017,,40616.4,,,,,
dataflow,ESTAT:EDUC_UOE_FINE02(1.0),"Public educational expenditure by education level, programme orientation, type of source and expenditure category",A,Annual,MIO_EUR,Million euro,S13,General government,S1,Total economy,TOTAL,Total,ED5-8,Tertiary education (levels 5-8),DE,Germany,2018,,42651.8,,,,,
dataflow,ESTAT:EDUC_UOE_FINE02(1.0),"Public educational expenditure by education level, programme orientation, type of source and expenditure category",A,Annual,MIO_EUR,Million euro,S13,General government,S1,Total economy,TOTAL,Total,ED5-8,Tertiary education (levels 5-8),DE,Germany,2019,,44400.8,,,,,
dataflow,ESTAT:EDUC_UOE_FINE02(1.0),"Public educational expenditure by education level, programme orientation, type of source and expenditure category",A,Annual,MIO_EUR,Million euro,S13,General government,S1,Total economy,TOTAL,Total,ED5-8,Tertiary education (levels 5-8),DE,Germany,2020,,47206.9,,,,,
dataflow,ESTAT:EDUC_UOE_FINE02(1.0),"Public educational expenditure by education level, programme orientation, type of source and expenditure category",A,Annual,MIO_EUR,Million euro,S13,General government,S1,Total economy,TOTAL,Total,ED5-8,Tertiary education (levels 5-8),DE,Germany,2021,,48745.3,,,,,
dataflow,ESTAT:EDUC_UOE_FINE02(1.0),"Public educational expenditure by education level, programme orientation, type of source and expenditure category",A,Annual,MIO_EUR,Million euro,S13,General government,S1,Total economy,TOTAL,Total,ED5-8,Tertiary education (levels 5-8),DE,Germany,2022,,51380.2,,,,,
dataflow,ESTAT:EDUC_UOE_FINE02(1.0),"Public educational expenditure by education level, programme orientation, type of source and expenditure category",A,Annual,MIO_EUR,Million euro,S13,General government,S1,Total economy,TOTAL,Total,ED5-8,Tertiary education (levels 5-8),DK,Denmark,2014,,6225.6,,,,,
dataflow,ESTAT:EDUC_UOE_FINE02(1.0),"Public educational expenditure by education level, programme orientation, type of source and expenditure category",A,Annual,MIO_EUR,Million euro,S13,General government,S1,Total economy,TOTAL,Total,ED5-8,Tertiary education (levels 5-8),DK,Denmark,2016,,7372.2,,,,,
dataflow,ESTAT:EDUC_UOE_FINE02(1.0),"Public educational expenditure by education level, programme orientation, type of source and expenditure category",A,Annual,MIO_EUR,Million euro,S13,General government,S1,Total economy,TOTAL,Total,ED5-8,Tertiary education (levels 5-8),DK,Denmark,2017,,7041.7,,,,,
dataflow,ESTAT:EDUC_UOE_FINE02(1.0),"Public educational expenditure by education level, programme orientation, type of source and expenditure category",A,Annual,MIO_EUR,Million euro,S13,General government,S1,Total economy,TOTAL,Total,ED5-8,Tertiary education (levels 5-8),DK,Denmark,2018,,7210.6,,,,,
dataflow,ESTAT:EDUC_UOE_FINE02(1.0),"Public educational expenditure by education level, programme orientation, type of source and expenditure category",A,Annual,MIO_EUR,Million euro,S13,General government,S1,Total economy,TOTAL,Total,ED5-8,Tertiary education (levels 5-8),DK,Denmark,2019,,7453.5,,,,,
dataflow,ESTAT:EDUC_UOE_FINE02(1.0),"Public educational expenditure by education level, programme orientation, type of source and expenditure category",A,Annual,MIO_EUR,Million euro,S13,General government,S1,Total economy,TOTAL,Total,ED5-8,Tertiary education (levels 5-8),DK,Denmark,2020,,7500.2,,,,,
dataflow,ESTAT:EDUC_UOE_FINE02(1.0),"Public educational expenditure by education level, programme orientation, type of source and expenditure category",A,Annual,MIO_EUR,Million euro,S13,General government,S1,Total economy,TOTAL,Total,ED5-8,Tertiary education (levels 5-8),DK,Denmark,2021,,8116.4,,,,,
dataflow,ESTAT:EDUC_UOE_FINE02(1.0),"Public educational expenditure by education level, programme orientation, type of source and expenditure category",A,Annual,MIO_EUR,Million euro,S13,General government,S1,Total economy,TOTAL,Total,ED5-8,Tertiary education (levels 5-8),DK,Denmark,2022,,8253.3,,,,,
dataflow,ESTAT:EDUC_UOE_FINE02(1.0),"Public educational expenditure by education level, programme orientation, type of source and expenditure category",A,Annual,MIO_EUR,Million euro,S13,General government,S1,Total economy,TOTAL,Total,ED5-8,Tertiary education (levels 5-8),EE,Estonia,2014,,297.7,,,,,
dataflow,ESTAT:EDUC_UOE_FINE02(1.0),"Public educational expenditure by education level, programme orientation, type of source and expenditure category",A,Annual,MIO_EUR,Million euro,S13,General government,S1,Total economy,TOTAL,Total,ED5-8,Tertiary education (levels 5-8),EE,Estonia,2015,,287.0,,,,,
dataflow,ESTAT:EDUC_UOE_FINE02(1.0),"Public educational expenditure by education level, programme orientation, type of source and expenditure category",A,Annual,MIO_EUR,Million euro,S13,General government,S1,Total economy,TOTAL,Total,ED5-8,Tertiary education (levels 5-8),EE,Estonia,2016,,304.2,,,,,
dataflow,ESTAT:EDUC_UOE_FINE02(1.0),"Public educational expenditure by education level, programme orientation, type of source and expenditure category",A,Annual,MIO_EUR,Million euro,S13,General government,S1,Total economy,TOTAL,Total,ED5-8,Tertiary education (levels 5-8),EE,Estonia,2017,,270.5,,,,,
dataflow,ESTAT:EDUC_UOE_FINE02(1.0),"Public educational expenditure by education level, programme orientation, type of source and expenditure category",A,Annual,MIO_EUR,Million euro,S13,General government,S1,Total economy,TOTAL,Total,ED5-8,Tertiary education (levels 5-8),EE,Estonia,2018,,305.1,,,,,
dataflow,ESTAT:EDUC_UOE_FINE02(1.0),"Public educational expenditure by education level, programme orientation, type of source and expenditure category",A,Annual,MIO_EUR,Million euro,S13,General government,S1,Total economy,TOTAL,Total,ED5-8,Tertiary education (levels 5-8),EE,Estonia,2019,,301.6,,,,,
dataflow,ESTAT:EDUC_UOE_FINE02(1.0),"Public educational expenditure by education level, programme orientation, type of source and expenditure category",A,Annual,MIO_EUR,Million euro,S13,General government,S1,Total economy,TOTAL,Total,ED5-8,Tertiary education (levels 5-8),EE,Estonia,2020,,310.9,,,,,
dataflow,ESTAT:EDUC_UOE_FINE02(1.0),"Public educational expenditure by education level, programme orientation, type of source and expenditure category",A,Annual,MIO_EUR,Million euro,S13,General government,S1,Total economy,TOTAL,Total,ED5-8,Tertiary education (levels 5-8),EE,Estonia,2021,,349.8,,,,,
dataflow,ESTAT:EDUC_UOE_FINE02(1.0),"Public educational expenditure by education level, programme orientation, type of source and expenditure category",A,Annual,MIO_EUR,Million euro,S13,General government,S1,Total economy,TOTAL,Total,ED5-8,Tertiary education (levels 5-8),EE,Estonia,2022,,387.6,,,,,
dataflow,ESTAT:EDUC_UOE_FINE02(1.0),"Public educational expenditure by education level, programme orientation, type of source and expenditure category",A,Annual,MIO_EUR,Million euro,S13,General government,S1,Total economy,TOTAL,Total,ED5-8,Tertiary education (levels 5-8),EE,Estonia,2023,,453.3,,,,,
dataflow,ESTAT:EDUC_UOE_FINE02(1.0),"Public educational expenditure by education level, programme orientation, type of source and expenditure category",A,Annual,MIO_EUR,Million euro,S13,General government,S1,Total economy,TOTAL,Total,ED5-8,Tertiary education (levels 5-8),EL,Greece,2014,,1164.2,,d,definition differs (see metadata),,
dataflow,ESTAT:EDUC_UOE_FINE02(1.0),"Public educational expenditure by education level, programme orientation, type of source and expenditure category",A,Annual,MIO_EUR,Million euro,S13,General government,S1,Total economy,TOTAL,Total,ED5-8,Tertiary education (levels 5-8),EL,Greece,2015,,1282.3,,d,definition differs (see metadata),,
dataflow,ESTAT:EDUC_UOE_FINE02(1.0),"Public educational expenditure by education level, programme orientation, type of source and expenditure category",A,Annual,MIO_EUR,Million euro,S13,General government,S1,Total economy,TOTAL,Total,ED5-8,Tertiary education (levels 5-8),EL,Greece,2017,,1117.4,,,,,
dataflow,ESTAT:EDUC_UOE_FINE02(1.0),"Public educational expenditure by education level, programme orientation, type of source and expenditure category",A,Annual,MIO_EUR,Million euro,S13,General government,S1,Total economy,TOTAL,Total,ED5-8,Tertiary education (levels 5-8),EL,Greece,2018,,1201.2,,,,,
dataflow,ESTAT:EDUC_UOE_FINE02(1.0),"Public educational expenditure by education level, programme orientation, type of source and expenditure category",A,Annual,MIO_EUR,Million euro,S13,General government,S1,Total economy,TOTAL,Total,ED5-8,Tertiary education (levels 5-8),EL,Greece,2019,,1288.0,,,,,
dataflow,ESTAT:EDUC_UOE_FINE02(1.0),"Public educational expenditure by education level, programme orientation, type of source and expenditure category",A,Annual,MIO_EUR,Million euro,S13,General government,S1,Total economy,TOTAL,Total,ED5-8,Tertiary education (levels 5-8),EL,Greece,2020,,1534.3,,,,,
dataflow,ESTAT:EDUC_UOE_FINE02(1.0),"Public educational expenditure by education level, programme orientation, type of source and expenditure category",A,Annual,MIO_EUR,Million euro,S13,General government,S1,Total economy,TOTAL,Total,ED5-8,Tertiary education (levels 5-8),EL,Greece,2022,,2020.7,,,,,
dataflow,ESTAT:EDUC_UOE_FINE02(1.0),"Public educational expenditure by education level, programme orientation, type of source and expenditure category",A,Annual,MIO_EUR,Million euro,S13,General government,S1,Total economy,TOTAL,Total,ED5-8,Tertiary education (levels 5-8),ES,Spain,2014,,9989.7,,,,,
dataflow,ESTAT:EDUC_UOE_FINE02(1.0),"Public educational expenditure by education level, programme orientation, type of source and expenditure category",A,Annual,MIO_EUR,Million euro,S13,General government,S1,Total economy,TOTAL,Total,ED5-8,Tertiary education (levels 5-8),ES,Spain,2015,,10327.5,,,,,
dataflow,ESTAT:EDUC_UOE_FINE02(1.0),"Public educational expenditure by education level, programme orientation, type of source and expenditure category",A,Annual,MIO_EUR,Million euro,S13,General government,S1,Total economy,TOTAL,Total,ED5-8,Tertiary education (levels 5-8),ES,Spain,2016,,10260.8,,,,,
dataflow,ESTAT:EDUC_UOE_FINE02(1.0),"Public educational expenditure by education level, programme orientation, type of source and expenditure category",A,Annual,MIO_EUR,Million euro,S13,General government,S1,Total economy,TOTAL,Total,ED5-8,Tertiary education (levels 5-8),ES,Spain,2017,,10855.5,,,,,
dataflow,ESTAT:EDUC_UOE_FINE02(1.0),"Public educational expenditure by education level, programme orientation, type of source and expenditure category",A,Annual,MIO_EUR,Million euro,S13,General government,S1,Total economy,TOTAL,Total,ED5-8,Tertiary education (levels 5-8),ES,Spain,2018,,11126.1,,,,,
dataflow,ESTAT:EDUC_UOE_FINE02(1.0),"Public educational expenditure by education level, programme orientation, type of source and expenditure category",A,Annual,MIO_EUR,Million euro,S13,General government,S1,Total economy,TOTAL,Total,ED5-8,Tertiary education (levels 5-8),ES,Spain,2019,,11696.6,,,,,
dataflow,ESTAT:EDUC_UOE_FINE02(1.0),"Public educational expenditure by education level, programme orientation, type of source and expenditure category",A,Annual,MIO_EUR,Million euro,S13,General government,S1,Total economy,TOTAL,Total,ED5-8,Tertiary education (levels 5-8),ES,Spain,2020,,12051.9,,,,,
dataflow,ESTAT:EDUC_UOE_FINE02(1.0),"Public educational expenditure by education level, programme orientation, type of source and expenditure category",A,Annual,MIO_EUR,Million euro,S13,General government,S1,Total economy,TOTAL,Total,ED5-8,Tertiary education (levels 5-8),ES,Spain,2021,,13364.9,,,,,
dataflow,ESTAT:EDUC_UOE_FINE02(1.0),"Public educational expenditure by education level, programme orientation, type of source and expenditure category",A,Annual,MIO_EUR,Million euro,S13,General government,S1,Total economy,TOTAL,Total,ED5-8,Tertiary education (levels 5-8),ES,Spain,2022,,14795.8,,,,,
dataflow,ESTAT:EDUC_UOE_FINE02(1.0),"Public educational expenditure by education level, programme orientation, type of source and expenditure category",A,Annual,MIO_EUR,Million euro,S13,General government,S1,Total economy,TOTAL,Total,ED5-8,Tertiary education (levels 5-8),ES,Spain,2023,,15803.3,,,,,
dataflow,ESTAT:EDUC_UOE_FINE02(1.0),"Public educational expenditure by education level, programme orientation, type of source and expenditure category",A,Annual,MIO_EUR,Million euro,S13,General government,S1,Total economy,TOTAL,Total,ED5-8,Tertiary education (levels 5-8),EU27_2020,European Union - 27 countries (from 2020),2016,,149631.8,,d,definition differs (see metadata),,
dataflow,ESTAT:EDUC_UOE_FINE02(1.0),"Public educational expenditure by education level, programme orientation, type of source and expenditure category",A,Annual,MIO_EUR,Million euro,S13,General government,S1,Total economy,TOTAL,Total,ED5-8,Tertiary education (levels 5-8),EU27_2020,European Union - 27 countries (from 2020),2017,,153783.8,,,,,
dataflow,ESTAT:EDUC_UOE_FINE02(1.0),"Public educational expenditure by education level, programme orientation, type of source and expenditure category",A,Annual,MIO_EUR,Million euro,S13,General government,S1,Total economy,TOTAL,Total,ED5-8,Tertiary education (levels 5-8),EU27_2020,European Union - 27 countries (from 2020),2018,,161495.6,,,,,
dataflow,ESTAT:EDUC_UOE_FINE02(1.0),"Public educational expenditure by education level, programme orientation, type of source and expenditure category",A,Annual,MIO_EUR,Million euro,S13,General government,S1,Total economy,TOTAL,Total,ED5-8,Tertiary education (levels 5-8),EU27_2020,European Union - 27 countries (from 2020),2019,,166417.8,,,,,
dataflow,ESTAT:EDUC_UOE_FINE02(1.0),"Public educational expenditure by education level, programme orientation, type of source and expenditure category",A,Annual,MIO_EUR,Million euro,S13,General government,S1,Total economy,TOTAL,Total,ED5-8,Tertiary education (levels 5-8),EU27_2020,European Union - 27 countries (from 2020),2020,,171443.6,,d,definition differs (see metadata),,
dataflow,ESTAT:EDUC_UOE_FINE02(1.0),"Public educational expenditure by education level, programme orientation, type of source and expenditure category",A,Annual,MIO_EUR,Million euro,S13,General government,S1,Total economy,TOTAL,Total,ED5-8,Tertiary education (levels 5-8),EU27_2020,European Union - 27 countries (from 2020),2021,,182885.8,,d,definition differs (see metadata),,
dataflow,ESTAT:EDUC_UOE_FINE02(1.0),"Public educational expenditure by education level, programme orientation, type of source and expenditure category",A,Annual,MIO_EUR,Million euro,S13,General government,S1,Total economy,TOTAL,Total,ED5-8,Tertiary education (levels 5-8),EU27_2020,European Union - 27 countries (from 2020),2022,,194965.5,,,,,
dataflow,ESTAT:EDUC_UOE_FINE02(1.0),"Public educational expenditure by education level, programme orientation, type of source and expenditure category",A,Annual,MIO_EUR,Million euro,S13,General government,S1,Total economy,TOTAL,Total,ED5-8,Tertiary education (levels 5-8),EU28,European Union - 28 countries (2013-2020),2016,,183910.6,,d,definition differs (see metadata),,
dataflow,ESTAT:EDUC_UOE_FINE02(1.0),"Public educational expenditure by education level, programme orientation, type of source and expenditure category",A,Annual,MIO_EUR,Million euro,S13,General government,S1,Total economy,TOTAL,Total,ED5-8,Tertiary education (levels 5-8),EU28,European Union - 28 countries (2013-2020),2017,,185826.4,,,,,
dataflow,ESTAT:EDUC_UOE_FINE02(1.0),"Public educational expenditure by education level, programme orientation, type of source and expenditure category",A,Annual,MIO_EUR,Million euro,S13,General government,S1,Total economy,TOTAL,Total,ED5-8,Tertiary education (levels 5-8),EU28,European Union - 28 countries (2013-2020),2018,,195441.9,,,,,
dataflow,ESTAT:EDUC_UOE_FINE02(1.0),"Public educational expenditure by education level, programme orientation, type of source and expenditure category",A,Annual,MIO_EUR,Million euro,S13,General government,S1,Total economy,TOTAL,Total,ED5-8,Tertiary education (levels 5-8),EU28,European Union - 28 countries (2013-2020),2019,,201779.0,,,,,
dataflow,ESTAT:EDUC_UOE_FINE02(1.0),"Public educational expenditure by education level, programme orientation, type of source and expenditure category",A,Annual,MIO_EUR,Million euro,S13,General government,S1,Total economy,TOTAL,Total,ED5-8,Tertiary education (levels 5-8),FI,Finland,2014,,4101.7,,,,,
dataflow,ESTAT:EDUC_UOE_FINE02(1.0),"Public educational expenditure by education level, programme orientation, type of source and expenditure category",A,Annual,MIO_EUR,Million euro,S13,General government,S1,Total economy,TOTAL,Total,ED5-8,Tertiary education (levels 5-8),FI,Finland,2015,,3968.3,,,,,
dataflow,ESTAT:EDUC_UOE_FINE02(1.0),"Public educational expenditure by education level, programme orientation, type of source and expenditure category",A,Annual,MIO_EUR,Million euro,S13,General government,S1,Total economy,TOTAL,Total,ED5-8,Tertiary education (levels 5-8),FI,Finland,2016,,3955.6,,,,,
dataflow,ESTAT:EDUC_UOE_FINE02(1.0),"Public educational expenditure by education level, programme orientation, type of source and expenditure category",A,Annual,MIO_EUR,Million euro,S13,General government,S1,Total economy,TOTAL,Total,ED5-8,Tertiary education (levels 5-8),FI,Finland,2017,,3738.0,,,,,
dataflow,ESTAT:EDUC_UOE_FINE02(1.0),"Public educational expenditure by education level, programme orientation, type of source and expenditure category",A,Annual,MIO_EUR,Million euro,S13,General government,S1,Total economy,TOTAL,Total,ED5-8,Tertiary education (levels 5-8),FI,Finland,2018,,3591.6,,,,,
dataflow,ESTAT:EDUC_UOE_FINE02(1.0),"Public educational expenditure by education level, programme orientation, type of source and expenditure category",A,Annual,MIO_EUR,Million euro,S13,General government,S1,Total economy,TOTAL,Total,ED5-8,Tertiary education (levels 5-8),FI,Finland,2019,,3624.2,,,,,
dataflow,ESTAT:EDUC_UOE_FINE02(1.0),"Public educational expenditure by education level, programme orientation, type of source and expenditure category",A,Annual,MIO_EUR,Million euro,S13,General government,S1,Total economy,TOTAL,Total,ED5-8,Tertiary education (levels 5-8),FI,Finland,2020,,3776.9,,,,,
dataflow,ESTAT:EDUC_UOE_FINE02(1.0),"Public educational expenditure by education level, programme orientation, type of source and expenditure category",A,Annual,MIO_EUR,Million euro,S13,General government,S1,Total economy,TOTAL,Total,ED5-8,Tertiary education (levels 5-8),FI,Finland,2021,,3844.8,,,,,
dataflow,ESTAT:EDUC_UOE_FINE02(1.0),"Public educational expenditure by education level, programme orientation, type of source and expenditure category",A,Annual,MIO_EUR,Million euro,S13,General government,S1,Total economy,TOTAL,Total,ED5-8,Tertiary education (levels 5-8),FI,Finland,2022,,3961.6,,,,,
dataflow,ESTAT:EDUC_UOE_FINE02(1.0),"Public educational expenditure by education level, programme orientation, type of source and expenditure category",A,Annual,MIO_EUR,Million euro,S13,General government,S1,Total economy,TOTAL,Total,ED5-8,Tertiary education (levels 5-8),FI,Finland,2023,,4169.0,,,,,
dataflow,ESTAT:EDUC_UOE_FINE02(1.0),"Public educational expenditure by education level, programme orientation, type of source and expenditure category",A,Annual,MIO_EUR,Million euro,S13,General government,S1,Total economy,TOTAL,Total,ED5-8,Tertiary education (levels 5-8),FR,France,2014,,26785.1,,,,,
dataflow,ESTAT:EDUC_UOE_FINE02(1.0),"Public educational expenditure by education level, programme orientation, type of source and expenditure category",A,Annual,MIO_EUR,Million euro,S13,General government,S1,Total economy,TOTAL,Total,ED5-8,Tertiary education (levels 5-8),FR,France,2015,,27377.9,,,,,
dataflow,ESTAT:EDUC_UOE_FINE02(1.0),"Public educational expenditure by education level, programme orientation, type of source and expenditure category",A,Annual,MIO_EUR,Million euro,S13,General government,S1,Total economy,TOTAL,Total,ED5-8,Tertiary education (levels 5-8),FR,France,2016,,27321.5,,,,,
dataflow,ESTAT:EDUC_UOE_FINE02(1.0),"Public educational expenditure by education level, programme orientation, type of source and expenditure category",A,Annual,MIO_EUR,Million euro,S13,General government,S1,Total economy,TOTAL,Total,ED5-8,Tertiary education (levels 5-8),FR,France,2017,,28174.2,,,,,
dataflow,ESTAT:EDUC_UOE_FINE02(1.0),"Public educational expenditure by education level, programme orientation, type of source and expenditure category",A,Annual,MIO_EUR,Million euro,S13,General government,S1,Total economy,TOTAL,Total,ED5-8,Tertiary education (levels 5-8),FR,France,2018,,29015.9,,,,,
dataflow,ESTAT:EDUC_UOE_FINE02(1.0),"Public educational expenditure by education level, programme orientation, type of source and expenditure category",A,Annual,MIO_EUR,Million euro,S13,General government,S1,Total economy,TOTAL,Total,ED5-8,Tertiary education (levels 5-8),FR,France,2019,,29599.9,,,,,
dataflow,ESTAT:EDUC_UOE_FINE02(1.0),"Public educational expenditure by education level, programme orientation, type of source and expenditure category",A,Annual,MIO_EUR,Million euro,S13,General government,S1,Total economy,TOTAL,Total,ED5-8,Tertiary education (levels 5-8),FR,France,2020,,29677.3,,,,,
dataflow,ESTAT:EDUC_UOE_FINE02(1.0),"Public educational expenditure by education level, programme orientation, type of source and expenditure category",A,Annual,MIO_EUR,Million euro,S13,General government,S1,Total economy,TOTAL,Total,ED5-8,Tertiary education (levels 5-8),FR,France,2021,,30885.8,,,,,
dataflow,ESTAT:EDUC_UOE_FINE02(1.0),"Public educational expenditure by education level, programme orientation, type of source and expenditure category",A,Annual,MIO_EUR,Million euro,S13,General government,S1,Total economy,TOTAL,Total,ED5-8,Tertiary education (levels 5-8),FR,France,2022,,31965.1,,,,,
dataflow,ESTAT:EDUC_UOE_FINE02(1.0),"Public educational expenditure by education level, programme orientation, type of source and expenditure category",A,Annual,MIO_EUR,Million euro,S13,General government,S1,Total economy,TOTAL,Total,ED5-8,Tertiary education (levels 5-8),FR,France,2023,,33155.0,,,,,
dataflow,ESTAT:EDUC_UOE_FINE02(1.0),"Public educational expenditure by education level, programme orientation, type of source and expenditure category",A,Annual,MIO_EUR,Million euro,S13,General government,S1,Total economy,TOTAL,Total,ED5-8,Tertiary education (levels 5-8),HR,Croatia,2015,,380.6,,d,definition differs (see metadata),,
dataflow,ESTAT:EDUC_UOE_FINE02(1.0),"Public educational expenditure by education level, programme orientation, type of source and expenditure category",A,Annual,MIO_EUR,Million euro,S13,General government,S1,Total economy,TOTAL,Total,ED5-8,Tertiary education (levels 5-8),HR,Croatia,2016,,378.1,,d,definition differs (see metadata),,
dataflow,ESTAT:EDUC_UOE_FINE02(1.0),"Public educational expenditure by education level, programme orientation, type of source and expenditure category",A,Annual,MIO_EUR,Million euro,S13,General government,S1,Total economy,TOTAL,Total,ED5-8,Tertiary education (levels 5-8),HR,Croatia,2017,,423.8,,,,,
dataflow,ESTAT:EDUC_UOE_FINE02(1.0),"Public educational expenditure by education level, programme orientation, type of source and expenditure category",A,Annual,MIO_EUR,Million euro,S13,General government,S1,Total economy,TOTAL,Total,ED5-8,Tertiary education (levels 5-8),HR,Croatia,2018,,450.8,,,,,
dataflow,ESTAT:EDUC_UOE_FINE02(1.0),"Public educational expenditure by education level, programme orientation, type of source and expenditure category",A,Annual,MIO_EUR,Million euro,S13,General government,S1,Total economy,TOTAL,Total,ED5-8,Tertiary education (levels 5-8),HR,Croatia,2019,,479.1,,,,,
dataflow,ESTAT:EDUC_UOE_FINE02(1.0),"Public educational expenditure by education level, programme orientation, type of source and expenditure category",A,Annual,MIO_EUR,Million euro,S13,General government,S1,Total economy,TOTAL,Total,ED5-8,Tertiary education (levels 5-8),HR,Croatia,2020,,488.6,,,,,
dataflow,ESTAT:EDUC_UOE_FINE02(1.0),"Public educational expenditure by education level, programme orientation, type of source and expenditure category",A,Annual,MIO_EUR,Million euro,S13,General government,S1,Total economy,TOTAL,Total,ED5-8,Tertiary education (levels 5-8),HR,Croatia,2021,,518.9,,,,,
dataflow,ESTAT:EDUC_UOE_FINE02(1.0),"Public educational expenditure by education level, programme orientation, type of source and expenditure category",A,Annual,MIO_EUR,Million euro,S13,General government,S1,Total economy,TOTAL,Total,ED5-8,Tertiary education (levels 5-8),HU,Hungary,2014,,804.4,,,,,
dataflow,ESTAT:EDUC_UOE_FINE02(1.0),"Public educational expenditure by education level, programme orientation, type of source and expenditure category",A,Annual,MIO_EUR,Million euro,S13,General government,S1,Total economy,TOTAL,Total,ED5-8,Tertiary education (levels 5-8),HU,Hungary,2015,,726.7,,,,,
dataflow,ESTAT:EDUC_UOE_FINE02(1.0),"Public educational expenditure by education level, programme orientation, type of source and expenditure category",A,Annual,MIO_EUR,Million euro,S13,General government,S1,Total economy,TOTAL,Total,ED5-8,Tertiary education (levels 5-8),HU,Hungary,2016,,862.8,,,,,
dataflow,ESTAT:EDUC_UOE_FINE02(1.0),"Public educational expenditure by education level, programme orientation, type of source and expenditure category",A,Annual,MIO_EUR,Million euro,S13,General government,S1,Total economy,TOTAL,Total,ED5-8,Tertiary education (levels 5-8),HU,Hungary,2017,,1047.8,,,,,
dataflow,ESTAT:EDUC_UOE_FINE02(1.0),"Public educational expenditure by education level, programme orientation, type of source and expenditure category",A,Annual,MIO_EUR,Million euro,S13,General government,S1,Total economy,TOTAL,Total,ED5-8,Tertiary education (levels 5-8),HU,Hungary,2018,,1100.9,,,,,
dataflow,ESTAT:EDUC_UOE_FINE02(1.0),"Public educational expenditure by education level, programme orientation, type of source and expenditure category",A,Annual,MIO_EUR,Million euro,S13,General government,S1,Total economy,TOTAL,Total,ED5-8,Tertiary education (levels 5-8),HU,Hungary,2019,,1088.4,,,,,
dataflow,ESTAT:EDUC_UOE_FINE02(1.0),"Public educational expenditure by education level, programme orientation, type of source and expenditure category",A,Annual,MIO_EUR,Million euro,S13,General government,S1,Total economy,TOTAL,Total,ED5-8,Tertiary education (levels 5-8),HU,Hungary,2020,,1043.6,,,,,
dataflow,ESTAT:EDUC_UOE_FINE02(1.0),"Public educational expenditure by education level, programme orientation, type of source and expenditure category",A,Annual,MIO_EUR,Million euro,S13,General government,S1,Total economy,TOTAL,Total,ED5-8,Tertiary education (levels 5-8),HU,Hungary,2021,,2031.9,,,,,
dataflow,ESTAT:EDUC_UOE_FINE02(1.0),"Public educational expenditure by education level, programme orientation, type of source and expenditure category",A,Annual,MIO_EUR,Million euro,S13,General government,S1,Total economy,TOTAL,Total,ED5-8,Tertiary education (levels 5-8),HU,Hungary,2022,,1422.4,,,,,
dataflow,ESTAT:EDUC_UOE_FINE02(1.0),"Public educational expenditure by education level, programme orientation, type of source and expenditure category",A,Annual,MIO_EUR,Million euro,S13,General government,S1,Total economy,TOTAL,Total,ED5-8,Tertiary education (levels 5-8),IE,Ireland,2014,,1982.5,,,,,
dataflow,ESTAT:EDUC_UOE_FINE02(1.0),"Public educational expenditure by education level, programme orientation, type of source and expenditure category",A,Annual,MIO_EUR,Million euro,S13,General government,S1,Total economy,TOTAL,Total,ED5-8,Tertiary education (levels 5-8),IE,Ireland,2015,,2914.5,,,,,
dataflow,ESTAT:EDUC_UOE_FINE02(1.0),"Public educational expenditure by education level, programme orientation, type of source and expenditure category",A,Annual,MIO_EUR,Million euro,S13,General government,S1,Total economy,TOTAL,Total,ED5-8,Tertiary education (levels 5-8),IE,Ireland,2016,,2938.2,,,,,
dataflow,ESTAT:EDUC_UOE_FINE02(1.0),"Public educational expenditure by education level, programme orientation, type of source and expenditure category",A,Annual,MIO_EUR,Million euro,S13,General government,S1,Total economy,TOTAL,Total,ED5-8,Tertiary education (levels 5-8),IE,Ireland,2017,,2891.5,,,,,
dataflow,ESTAT:EDUC_UOE_FINE02(1.0),"Public educational expenditure by education level, programme orientation, type of source and expenditure category",A,Annual,MIO_EUR,Million euro,S13,General government,S1,Total economy,TOTAL,Total,ED5-8,Tertiary education (levels 5-8),IE,Ireland,2018,,2982.1,,,,,
dataflow,ESTAT:EDUC_UOE_FINE02(1.0),"Public educational expenditure by education level, programme orientation, type of source and expenditure category",A,Annual,MIO_EUR,Million euro,S13,General government,S1,Total economy,TOTAL,Total,ED5-8,Tertiary education (levels 5-8),IE,Ireland,2019,,2982.1,,,,,
dataflow,ESTAT:EDUC_UOE_FINE02(1.0),"Public educational expenditure by education level, programme orientation, type of source and expenditure category",A,Annual,MIO_EUR,Million euro,S13,General government,S1,Total economy,TOTAL,Total,ED5-8,Tertiary education (levels 5-8),IE,Ireland,2020,,3147.8,,,,,
dataflow,ESTAT:EDUC_UOE_FINE02(1.0),"Public educational expenditure by education level, programme orientation, type of source and expenditure category",A,Annual,MIO_EUR,Million euro,S13,General government,S1,Total economy,TOTAL,Total,ED5-8,Tertiary education (levels 5-8),IE,Ireland,2021,,3394.9,,,,,
dataflow,ESTAT:EDUC_UOE_FINE02(1.0),"Public educational expenditure by education level, programme orientation, type of source and expenditure category",A,Annual,MIO_EUR,Million euro,S13,General government,S1,Total economy,TOTAL,Total,ED5-8,Tertiary education (levels 5-8),IE,Ireland,2022,,4349.6,,,,,
dataflow,ESTAT:EDUC_UOE_FINE02(1.0),"Public educational expenditure by education level, programme orientation, type of source and expenditure category",A,Annual,MIO_EUR,Million euro,S13,General government,S1,Total economy,TOTAL,Total,ED5-8,Tertiary education (levels 5-8),IS,Iceland,2014,,193.6,,,,,
dataflow,ESTAT:EDUC_UOE_FINE02(1.0),"Public educational expenditure by education level, programme orientation, type of source and expenditure category",A,Annual,MIO_EUR,Million euro,S13,General government,S1,Total economy,TOTAL,Total,ED5-8,Tertiary education (levels 5-8),IS,Iceland,2015,,244.1,,,,,
dataflow,ESTAT:EDUC_UOE_FINE02(1.0),"Public educational expenditure by education level, programme orientation, type of source and expenditure category",A,Annual,MIO_EUR,Million euro,S13,General government,S1,Total economy,TOTAL,Total,ED5-8,Tertiary education (levels 5-8),IS,Iceland,2016,,270.0,,,,,
dataflow,ESTAT:EDUC_UOE_FINE02(1.0),"Public educational expenditure by education level, programme orientation, type of source and expenditure category",A,Annual,MIO_EUR,Million euro,S13,General government,S1,Total economy,TOTAL,Total,ED5-8,Tertiary education (levels 5-8),IS,Iceland,2017,,301.1,,,,,
dataflow,ESTAT:EDUC_UOE_FINE02(1.0),"Public educational expenditure by education level, programme orientation, type of source and expenditure category",A,Annual,MIO_EUR,Million euro,S13,General government,S1,Total economy,TOTAL,Total,ED5-8,Tertiary education (levels 5-8),IS,Iceland,2018,,272.2,,,,,
dataflow,ESTAT:EDUC_UOE_FINE02(1.0),"Public educational expenditure by education level, programme orientation, type of source and expenditure category",A,Annual,MIO_EUR,Million euro,S13,General government,S1,Total economy,TOTAL,Total,ED5-8,Tertiary education (levels 5-8),IS,Iceland,2019,,283.3,,,,,
dataflow,ESTAT:EDUC_UOE_FINE02(1.0),"Public educational expenditure by education level, programme orientation, type of source and expenditure category",A,Annual,MIO_EUR,Million euro,S13,General government,S1,Total economy,TOTAL,Total,ED5-8,Tertiary education (levels 5-8),IS,Iceland,2020,,277.2,,,,,
dataflow,ESTAT:EDUC_UOE_FINE02(1.0),"Public educational expenditure by education level, programme orientation, type of source and expenditure category",A,Annual,MIO_EUR,Million euro,S13,General government,S1,Total economy,TOTAL,Total,ED5-8,Tertiary education (levels 5-8),IS,Iceland,2021,,310.3,,,,,
dataflow,ESTAT:EDUC_UOE_FINE02(1.0),"Public educational expenditure by education level, programme orientation, type of source and expenditure category",A,Annual,MIO_EUR,Million euro,S13,General government,S1,Total economy,TOTAL,Total,ED5-8,Tertiary education (levels 5-8),IS,Iceland,2022,,362.9,,,,,
dataflow,ESTAT:EDUC_UOE_FINE02(1.0),"Public educational expenditure by education level, programme orientation, type of source and expenditure category",A,Annual,MIO_EUR,Million euro,S13,General government,S1,Total economy,TOTAL,Total,ED5-8,Tertiary education (levels 5-8),IT,Italy,2014,,12944.9,,,,,
dataflow,ESTAT:EDUC_UOE_FINE02(1.0),"Public educational expenditure by education level, programme orientation, type of source and expenditure category",A,Annual,MIO_EUR,Million euro,S13,General government,S1,Total economy,TOTAL,Total,ED5-8,Tertiary education (levels 5-8),IT,Italy,2015,,12542.0,,,,,
dataflow,ESTAT:EDUC_UOE_FINE02(1.0),"Public educational expenditure by education level, programme orientation, type of source and expenditure category",A,Annual,MIO_EUR,Million euro,S13,General government,S1,Total economy,TOTAL,Total,ED5-8,Tertiary education (levels 5-8),IT,Italy,2016,,12370.0,,,,,
dataflow,ESTAT:EDUC_UOE_FINE02(1.0),"Public educational expenditure by education level, programme orientation, type of source and expenditure category",A,Annual,MIO_EUR,Million euro,S13,General government,S1,Total economy,TOTAL,Total,ED5-8,Tertiary education (levels 5-8),IT,Italy,2017,,13052.6,,,,,
dataflow,ESTAT:EDUC_UOE_FINE02(1.0),"Public educational expenditure by education level, programme orientation, type of source and expenditure category",A,Annual,MIO_EUR,Million euro,S13,General government,S1,Total economy,TOTAL,Total,ED5-8,Tertiary education (levels 5-8),IT,Italy,2018,,13714.8,,,,,
dataflow,ESTAT:EDUC_UOE_FINE02(1.0),"Public educational expenditure by education level, programme orientation, type of source and expenditure category",A,Annual,MIO_EUR,Million euro,S13,General government,S1,Total economy,TOTAL,Total,ED5-8,Tertiary education (levels 5-8),IT,Italy,2019,,13967.5,,,,,
dataflow,ESTAT:EDUC_UOE_FINE02(1.0),"Public educational expenditure by education level, programme orientation, type of source and expenditure category",A,Annual,MIO_EUR,Million euro,S13,General government,S1,Total economy,TOTAL,Total,ED5-8,Tertiary education (levels 5-8),IT,Italy,2020,,14558.7,,,,,
dataflow,ESTAT:EDUC_UOE_FINE02(1.0),"Public educational expenditure by education level, programme orientation, type of source and expenditure category",A,Annual,MIO_EUR,Million euro,S13,General government,S1,Total economy,TOTAL,Total,ED5-8,Tertiary education (levels 5-8),IT,Italy,2021,,15540.9,,,,,
dataflow,ESTAT:EDUC_UOE_FINE02(1.0),"Public educational expenditure by education level, programme orientation, type of source and expenditure category",A,Annual,MIO_EUR,Million euro,S13,General government,S1,Total economy,TOTAL,Total,ED5-8,Tertiary education (levels 5-8),IT,Italy,2022,,17336.6,,,,,
dataflow,ESTAT:EDUC_UOE_FINE02(1.0),"Public educational expenditure by education level, programme orientation, type of source and expenditure category",A,Annual,MIO_EUR,Million euro,S13,General government,S1,Total economy,TOTAL,Total,ED5-8,Tertiary education (levels 5-8),IT,Italy,2023,,19074.0,,,,,
dataflow,ESTAT:EDUC_UOE_FINE02(1.0),"Public educational expenditure by education level, programme orientation, type of source and expenditure category",A,Annual,MIO_EUR,Million euro,S13,General government,S1,Total economy,TOTAL,Total,ED5-8,Tertiary education (levels 5-8),LI,Liechtenstein,2014,,,,d,definition differs (see metadata),,
dataflow,ESTAT:EDUC_UOE_FINE02(1.0),"Public educational expenditure by education level, programme orientation, type of source and expenditure category",A,Annual,MIO_EUR,Million euro,S13,General government,S1,Total economy,TOTAL,Total,ED5-8,Tertiary education (levels 5-8),LI,Liechtenstein,2015,,,,d,definition differs (see metadata),,
dataflow,ESTAT:EDUC_UOE_FINE02(1.0),"Public educational expenditure by education level, programme orientation, type of source and expenditure category",A,Annual,MIO_EUR,Million euro,S13,General government,S1,Total economy,TOTAL,Total,ED5-8,Tertiary education (levels 5-8),LI,Liechtenstein,2016,,,,d,definition differs (see metadata),,
dataflow,ESTAT:EDUC_UOE_FINE02(1.0),"Public educational expenditure by education level, programme orientation, type of source and expenditure category",A,Annual,MIO_EUR,Million euro,S13,General government,S1,Total economy,TOTAL,Total,ED5-8,Tertiary education (levels 5-8),LT,Lithuania,2014,,486.0,,,,,
dataflow,ESTAT:EDUC_UOE_FINE02(1.0),"Public educational expenditure by education level, programme orientation, type of source and expenditure category",A,Annual,MIO_EUR,Million euro,S13,General government,S1,Total economy,TOTAL,Total,ED5-8,Tertiary education (levels 5-8),LT,Lithuania,2015,,439.8,,,,,
dataflow,ESTAT:EDUC_UOE_FINE02(1.0),"Public educational expenditure by education level, programme orientation, type of source and expenditure category",A,Annual,MIO_EUR,Million euro,S13,General government,S1,Total economy,TOTAL,Total,ED5-8,Tertiary education (levels 5-8),LT,Lithuania,2016,,319.6,,,,,
dataflow,ESTAT:EDUC_UOE_FINE02(1.0),"Public educational expenditure by education level, programme orientation, type of source and expenditure category",A,Annual,MIO_EUR,Million euro,S13,General government,S1,Total economy,TOTAL,Total,ED5-8,Tertiary education (levels 5-8),LT,Lithuania,2017,,318.2,,,,,
dataflow,ESTAT:EDUC_UOE_FINE02(1.0),"Public educational expenditure by education level, programme orientation, type of source and expenditure category",A,Annual,MIO_EUR,Million euro,S13,General government,S1,Total economy,TOTAL,Total,ED5-8,Tertiary education (levels 5-8),LT,Lithuania,2018,,359.7,,,,,
dataflow,ESTAT:EDUC_UOE_FINE02(1.0),"Public educational expenditure by education level, programme orientation, type of source and expenditure category",A,Annual,MIO_EUR,Million euro,S13,General government,S1,Total economy,TOTAL,Total,ED5-8,Tertiary education (levels 5-8),LT,Lithuania,2019,,391.1,,,,,
dataflow,ESTAT:EDUC_UOE_FINE02(1.0),"Public educational expenditure by education level, programme orientation, type of source and expenditure category",A,Annual,MIO_EUR,Million euro,S13,General government,S1,Total economy,TOTAL,Total,ED5-8,Tertiary education (levels 5-8),LT,Lithuania,2020,,463.9,,,,,
dataflow,ESTAT:EDUC_UOE_FINE02(1.0),"Public educational expenditure by education level, programme orientation, type of source and expenditure category",A,Annual,MIO_EUR,Million euro,S13,General government,S1,Total economy,TOTAL,Total,ED5-8,Tertiary education (levels 5-8),LT,Lithuania,2021,,479.8,,,,,
dataflow,ESTAT:EDUC_UOE_FINE02(1.0),"Public educational expenditure by education level, programme orientation, type of source and expenditure category",A,Annual,MIO_EUR,Million euro,S13,General government,S1,Total economy,TOTAL,Total,ED5-8,Tertiary education (levels 5-8),LT,Lithuania,2022,,576.1,,,,,
dataflow,ESTAT:EDUC_UOE_FINE02(1.0),"Public educational expenditure by education level, programme orientation, type of source and expenditure category",A,Annual,MIO_EUR,Million euro,S13,General government,S1,Total economy,TOTAL,Total,ED5-8,Tertiary education (levels 5-8),LT,Lithuania,2023,,695.6,,,,,
dataflow,ESTAT:EDUC_UOE_FINE02(1.0),"Public educational expenditure by education level, programme orientation, type of source and expenditure category",A,Annual,MIO_EUR,Million euro,S13,General government,S1,Total economy,TOTAL,Total,ED5-8,Tertiary education (levels 5-8),LU,Luxembourg,2014,,252.6,,,,,
dataflow,ESTAT:EDUC_UOE_FINE02(1.0),"Public educational expenditure by education level, programme orientation, type of source and expenditure category",A,Annual,MIO_EUR,Million euro,S13,General government,S1,Total economy,TOTAL,Total,ED5-8,Tertiary education (levels 5-8),LU,Luxembourg,2015,,267.3,,,,,
dataflow,ESTAT:EDUC_UOE_FINE02(1.0),"Public educational expenditure by education level, programme orientation, type of source and expenditure category",A,Annual,MIO_EUR,Million euro,S13,General government,S1,Total economy,TOTAL,Total,ED5-8,Tertiary education (levels 5-8),LU,Luxembourg,2016,,253.9,,,,,
dataflow,ESTAT:EDUC_UOE_FINE02(1.0),"Public educational expenditure by education level, programme orientation, type of source and expenditure category",A,Annual,MIO_EUR,Million euro,S13,General government,S1,Total economy,TOTAL,Total,ED5-8,Tertiary education (levels 5-8),LU,Luxembourg,2017,,261.4,,,,,
dataflow,ESTAT:EDUC_UOE_FINE02(1.0),"Public educational expenditure by education level, programme orientation, type of source and expenditure category",A,Annual,MIO_EUR,Million euro,S13,General government,S1,Total economy,TOTAL,Total,ED5-8,Tertiary education (levels 5-8),LU,Luxembourg,2018,,247.2,,,,,
dataflow,ESTAT:EDUC_UOE_FINE02(1.0),"Public educational expenditure by education level, programme orientation, type of source and expenditure category",A,Annual,MIO_EUR,Million euro,S13,General government,S1,Total economy,TOTAL,Total,ED5-8,Tertiary education (levels 5-8),LU,Luxembourg,2019,,279.5,,,,,
dataflow,ESTAT:EDUC_UOE_FINE02(1.0),"Public educational expenditure by education level, programme orientation, type of source and expenditure category",A,Annual,MIO_EUR,Million euro,S13,General government,S1,Total economy,TOTAL,Total,ED5-8,Tertiary education (levels 5-8),LU,Luxembourg,2020,,295.8,,,,,
dataflow,ESTAT:EDUC_UOE_FINE02(1.0),"Public educational expenditure by education level, programme orientation, type of source and expenditure category",A,Annual,MIO_EUR,Million euro,S13,General government,S1,Total economy,TOTAL,Total,ED5-8,Tertiary education (levels 5-8),LU,Luxembourg,2021,,329.9,,,,,
dataflow,ESTAT:EDUC_UOE_FINE02(1.0),"Public educational expenditure by education level, programme orientation, type of source and expenditure category",A,Annual,MIO_EUR,Million euro,S13,General government,S1,Total economy,TOTAL,Total,ED5-8,Tertiary education (levels 5-8),LU,Luxembourg,2022,,331.3,,,,,
dataflow,ESTAT:EDUC_UOE_FINE02(1.0),"Public educational expenditure by education level, programme orientation, type of source and expenditure category",A,Annual,MIO_EUR,Million euro,S13,General government,S1,Total economy,TOTAL,Total,ED5-8,Tertiary education (levels 5-8),LV,Latvia,2014,,265.9,,,,,
dataflow,ESTAT:EDUC_UOE_FINE02(1.0),"Public educational expenditure by education level, programme orientation, type of source and expenditure category",A,Annual,MIO_EUR,Million euro,S13,General government,S1,Total economy,TOTAL,Total,ED5-8,Tertiary education (levels 5-8),LV,Latvia,2015,,286.8,,,,,
dataflow,ESTAT:EDUC_UOE_FINE02(1.0),"Public educational expenditure by education level, programme orientation, type of source and expenditure category",A,Annual,MIO_EUR,Million euro,S13,General government,S1,Total economy,TOTAL,Total,ED5-8,Tertiary education (levels 5-8),LV,Latvia,2016,,189.6,,,,,
dataflow,ESTAT:EDUC_UOE_FINE02(1.0),"Public educational expenditure by education level, programme orientation, type of source and expenditure category",A,Annual,MIO_EUR,Million euro,S13,General government,S1,Total economy,TOTAL,Total,ED5-8,Tertiary education (levels 5-8),LV,Latvia,2017,,186.2,,,,,
dataflow,ESTAT:EDUC_UOE_FINE02(1.0),"Public educational expenditure by education level, programme orientation, type of source and expenditure category",A,Annual,MIO_EUR,Million euro,S13,General government,S1,Total economy,TOTAL,Total,ED5-8,Tertiary education (levels 5-8),LV,Latvia,2018,,214.4,,,,,
dataflow,ESTAT:EDUC_UOE_FINE02(1.0),"Public educational expenditure by education level, programme orientation, type of source and expenditure category",A,Annual,MIO_EUR,Million euro,S13,General government,S1,Total economy,TOTAL,Total,ED5-8,Tertiary education (levels 5-8),LV,Latvia,2019,,251.8,,,,,
dataflow,ESTAT:EDUC_UOE_FINE02(1.0),"Public educational expenditure by education level, programme orientation, type of source and expenditure category",A,Annual,MIO_EUR,Million euro,S13,General government,S1,Total economy,TOTAL,Total,ED5-8,Tertiary education (levels 5-8),LV,Latvia,2020,,255.8,,,,,
dataflow,ESTAT:EDUC_UOE_FINE02(1.0),"Public educational expenditure by education level, programme orientation, type of source and expenditure category",A,Annual,MIO_EUR,Million euro,S13,General government,S1,Total economy,TOTAL,Total,ED5-8,Tertiary education (levels 5-8),LV,Latvia,2021,,283.4,,,,,
dataflow,ESTAT:EDUC_UOE_FINE02(1.0),"Public educational expenditure by education level, programme orientation, type of source and expenditure category",A,Annual,MIO_EUR,Million euro,S13,General government,S1,Total economy,TOTAL,Total,ED5-8,Tertiary education (levels 5-8),LV,Latvia,2022,,233.2,,,,,
dataflow,ESTAT:EDUC_UOE_FINE02(1.0),"Public educational expenditure by education level, programme orientation, type of source and expenditure category",A,Annual,MIO_EUR,Million euro,S13,General government,S1,Total economy,TOTAL,Total,ED5-8,Tertiary education (levels 5-8),MT,Malta,2014,,142.1,,,,,
dataflow,ESTAT:EDUC_UOE_FINE02(1.0),"Public educational expenditure by education level, programme orientation, type of source and expenditure category",A,Annual,MIO_EUR,Million euro,S13,General government,S1,Total economy,TOTAL,Total,ED5-8,Tertiary education (levels 5-8),MT,Malta,2015,,149.1,,,,,
dataflow,ESTAT:EDUC_UOE_FINE02(1.0),"Public educational expenditure by education level, programme orientation, type of source and expenditure category",A,Annual,MIO_EUR,Million euro,S13,General government,S1,Total economy,TOTAL,Total,ED5-8,Tertiary education (levels 5-8),MT,Malta,2016,,145.1,,,,,
dataflow,ESTAT:EDUC_UOE_FINE02(1.0),"Public educational expenditure by education level, programme orientation, type of source and expenditure category",A,Annual,MIO_EUR,Million euro,S13,General government,S1,Total economy,TOTAL,Total,ED5-8,Tertiary education (levels 5-8),MT,Malta,2017,,141.8,,,,,
dataflow,ESTAT:EDUC_UOE_FINE02(1.0),"Public educational expenditure by education level, programme orientation, type of source and expenditure category",A,Annual,MIO_EUR,Million euro,S13,General government,S1,Total economy,TOTAL,Total,ED5-8,Tertiary education (levels 5-8),MT,Malta,2018,,161.0,,,,,
dataflow,ESTAT:EDUC_UOE_FINE02(1.0),"Public educational expenditure by education level, programme orientation, type of source and expenditure category",A,Annual,MIO_EUR,Million euro,S13,General government,S1,Total economy,TOTAL,Total,ED5-8,Tertiary education (levels 5-8),MT,Malta,2019,,187.4,,,,,
dataflow,ESTAT:EDUC_UOE_FINE02(1.0),"Public educational expenditure by education level, programme orientation, type of source and expenditure category",A,Annual,MIO_EUR,Million euro,S13,General government,S1,Total economy,TOTAL,Total,ED5-8,Tertiary education (levels 5-8),MT,Malta,2020,,196.9,,,,,
dataflow,ESTAT:EDUC_UOE_FINE02(1.0),"Public educational expenditure by education level, programme orientation, type of source and expenditure category",A,Annual,MIO_EUR,Million euro,S13,General government,S1,Total economy,TOTAL,Total,ED5-8,Tertiary education (levels 5-8),MT,Malta,2021,,206.8,,,,,
dataflow,ESTAT:EDUC_UOE_FINE02(1.0),"Public educational expenditure by education level, programme orientation, type of source and expenditure category",A,Annual,MIO_EUR,Million euro,S13,General government,S1,Total economy,TOTAL,Total,ED5-8,Tertiary education (levels 5-8),MT,Malta,2022,,217.4,,,,,
dataflow,ESTAT:EDUC_UOE_FINE02(1.0),"Public educational expenditure by education level, programme orientation, type of source and expenditure category",A,Annual,MIO_EUR,Million euro,S13,General government,S1,Total economy,TOTAL,Total,ED5-8,Tertiary education (levels 5-8),NL,Netherlands,2014,,11207.3,,,,,
dataflow,ESTAT:EDUC_UOE_FINE02(1.0),"Public educational expenditure by education level, programme orientation, type of source and expenditure category",A,Annual,MIO_EUR,Million euro,S13,General government,S1,Total economy,TOTAL,Total,ED5-8,Tertiary education (levels 5-8),NL,Netherlands,2015,,11117.3,,,,,
dataflow,ESTAT:EDUC_UOE_FINE02(1.0),"Public educational expenditure by education level, programme orientation, type of source and expenditure category",A,Annual,MIO_EUR,Million euro,S13,General government,S1,Total economy,TOTAL,Total,ED5-8,Tertiary education (levels 5-8),NL,Netherlands,2016,,12391.5,,,,,
dataflow,ESTAT:EDUC_UOE_FINE02(1.0),"Public educational expenditure by education level, programme orientation, type of source and expenditure category",A,Annual,MIO_EUR,Million euro,S13,General government,S1,Total economy,TOTAL,Total,ED5-8,Tertiary education (levels 5-8),NL,Netherlands,2017,,11721.1,,,,,
dataflow,ESTAT:EDUC_UOE_FINE02(1.0),"Public educational expenditure by education level, programme orientation, type of source and expenditure category",A,Annual,MIO_EUR,Million euro,S13,General government,S1,Total economy,TOTAL,Total,ED5-8,Tertiary education (levels 5-8),NL,Netherlands,2018,,13209.0,,,,,
dataflow,ESTAT:EDUC_UOE_FINE02(1.0),"Public educational expenditure by education level, programme orientation, type of source and expenditure category",A,Annual,MIO_EUR,Million euro,S13,General government,S1,Total economy,TOTAL,Total,ED5-8,Tertiary education (levels 5-8),NL,Netherlands,2019,,13125.0,,,,,
dataflow,ESTAT:EDUC_UOE_FINE02(1.0),"Public educational expenditure by education level, programme orientation, type of source and expenditure category",A,Annual,MIO_EUR,Million euro,S13,General government,S1,Total economy,TOTAL,Total,ED5-8,Tertiary education (levels 5-8),NL,Netherlands,2020,,13384.1,,,,,
dataflow,ESTAT:EDUC_UOE_FINE02(1.0),"Public educational expenditure by education level, programme orientation, type of source and expenditure category",A,Annual,MIO_EUR,Million euro,S13,General government,S1,Total economy,TOTAL,Total,ED5-8,Tertiary education (levels 5-8),NL,Netherlands,2021,,15190.0,,,,,
dataflow,ESTAT:EDUC_UOE_FINE02(1.0),"Public educational expenditure by education level, programme orientation, type of source and expenditure category",A,Annual,MIO_EUR,Million euro,S13,General government,S1,Total economy,TOTAL,Total,ED5-8,Tertiary education (levels 5-8),NL,Netherlands,2022,,15799.1,,,,,
dataflow,ESTAT:EDUC_UOE_FINE02(1.0),"Public educational expenditure by education level, programme orientation, type of source and expenditure category",A,Annual,MIO_EUR,Million euro,S13,General government,S1,Total economy,TOTAL,Total,ED5-8,Tertiary education (levels 5-8),NO,Norway,2014,,8266.0,,,,,
dataflow,ESTAT:EDUC_UOE_FINE02(1.0),"Public educational expenditure by education level, programme orientation, type of source and expenditure category",A,Annual,MIO_EUR,Million euro,S13,General government,S1,Total economy,TOTAL,Total,ED5-8,Tertiary education (levels 5-8),NO,Norway,2015,,6816.5,,,,,
dataflow,ESTAT:EDUC_UOE_FINE02(1.0),"Public educational expenditure by education level, programme orientation, type of source and expenditure category",A,Annual,MIO_EUR,Million euro,S13,General government,S1,Total economy,TOTAL,Total,ED5-8,Tertiary education (levels 5-8),NO,Norway,2016,,7156.8,,,,,
dataflow,ESTAT:EDUC_UOE_FINE02(1.0),"Public educational expenditure by education level, programme orientation, type of source and expenditure category",A,Annual,MIO_EUR,Million euro,S13,General government,S1,Total economy,TOTAL,Total,ED5-8,Tertiary education (levels 5-8),NO,Norway,2017,,7458.8,,,,,
dataflow,ESTAT:EDUC_UOE_FINE02(1.0),"Public educational expenditure by education level, programme orientation, type of source and expenditure category",A,Annual,MIO_EUR,Million euro,S13,General government,S1,Total economy,TOTAL,Total,ED5-8,Tertiary education (levels 5-8),NO,Norway,2018,,7688.3,,,,,
dataflow,ESTAT:EDUC_UOE_FINE02(1.0),"Public educational expenditure by education level, programme orientation, type of source and expenditure category",A,Annual,MIO_EUR,Million euro,S13,General government,S1,Total economy,TOTAL,Total,ED5-8,Tertiary education (levels 5-8),NO,Norway,2019,,7794.9,,,,,
dataflow,ESTAT:EDUC_UOE_FINE02(1.0),"Public educational expenditure by education level, programme orientation, type of source and expenditure category",A,Annual,MIO_EUR,Million euro,S13,General government,S1,Total economy,TOTAL,Total,ED5-8,Tertiary education (levels 5-8),NO,Norway,2020,,7462.8,,,,,
dataflow,ESTAT:EDUC_UOE_FINE02(1.0),"Public educational expenditure by education level, programme orientation, type of source and expenditure category",A,Annual,MIO_EUR,Million euro,S13,General government,S1,Total economy,TOTAL,Total,ED5-8,Tertiary education (levels 5-8),NO,Norway,2021,,8137.2,,,,,
dataflow,ESTAT:EDUC_UOE_FINE02(1.0),"Public educational expenditure by education level, programme orientation, type of source and expenditure category",A,Annual,MIO_EUR,Million euro,S13,General government,S1,Total economy,TOTAL,Total,ED5-8,Tertiary education (levels 5-8),NO,Norway,2022,,8729.1,,,,,
dataflow,ESTAT:EDUC_UOE_FINE02(1.0),"Public educational expenditure by education level, programme orientation, type of source and expenditure category",A,Annual,MIO_EUR,Million euro,S13,General government,S1,Total economy,TOTAL,Total,ED5-8,Tertiary education (levels 5-8),PL,Poland,2014,,4864.5,,,,,
dataflow,ESTAT:EDUC_UOE_FINE02(1.0),"Public educational expenditure by education level, programme orientation, type of source and expenditure category",A,Annual,MIO_EUR,Million euro,S13,General government,S1,Total economy,TOTAL,Total,ED5-8,Tertiary education (levels 5-8),PL,Poland,2015,,5234.9,,,,,
dataflow,ESTAT:EDUC_UOE_FINE02(1.0),"Public educational expenditure by education level, programme orientation, type of source and expenditure category",A,Annual,MIO_EUR,Million euro,S13,General government,S1,Total economy,TOTAL,Total,ED5-8,Tertiary education (levels 5-8),PL,Poland,2016,,4520.3,,,,,
dataflow,ESTAT:EDUC_UOE_FINE02(1.0),"Public educational expenditure by education level, programme orientation, type of source and expenditure category",A,Annual,MIO_EUR,Million euro,S13,General government,S1,Total economy,TOTAL,Total,ED5-8,Tertiary education (levels 5-8),PL,Poland,2017,,5028.9,,,,,
dataflow,ESTAT:EDUC_UOE_FINE02(1.0),"Public educational expenditure by education level, programme orientation, type of source and expenditure category",A,Annual,MIO_EUR,Million euro,S13,General government,S1,Total economy,TOTAL,Total,ED5-8,Tertiary education (levels 5-8),PL,Poland,2018,,5275.8,,,,,
dataflow,ESTAT:EDUC_UOE_FINE02(1.0),"Public educational expenditure by education level, programme orientation, type of source and expenditure category",A,Annual,MIO_EUR,Million euro,S13,General government,S1,Total economy,TOTAL,Total,ED5-8,Tertiary education (levels 5-8),PL,Poland,2019,,5873.0,,,,,
dataflow,ESTAT:EDUC_UOE_FINE02(1.0),"Public educational expenditure by education level, programme orientation, type of source and expenditure category",A,Annual,MIO_EUR,Million euro,S13,General government,S1,Total economy,TOTAL,Total,ED5-8,Tertiary education (levels 5-8),PL,Poland,2020,,6020.4,,,,,
dataflow,ESTAT:EDUC_UOE_FINE02(1.0),"Public educational expenditure by education level, programme orientation, type of source and expenditure category",A,Annual,MIO_EUR,Million euro,S13,General government,S1,Total economy,TOTAL,Total,ED5-8,Tertiary education (levels 5-8),PL,Poland,2021,,6251.2,,,,,
dataflow,ESTAT:EDUC_UOE_FINE02(1.0),"Public educational expenditure by education level, programme orientation, type of source and expenditure category",A,Annual,MIO_EUR,Million euro,S13,General government,S1,Total economy,TOTAL,Total,ED5-8,Tertiary education (levels 5-8),PL,Poland,2022,,6310.2,,,,,
dataflow,ESTAT:EDUC_UOE_FINE02(1.0),"Public educational expenditure by education level, programme orientation, type of source and expenditure category",A,Annual,MIO_EUR,Million euro,S13,General government,S1,Total economy,TOTAL,Total,ED5-8,Tertiary education (levels 5-8),PL,Poland,2023,,7215.5,,,,,
dataflow,ESTAT:EDUC_UOE_FINE02(1.0),"Public educational expenditure by education level, programme orientation, type of source and expenditure category",A,Annual,MIO_EUR,Million euro,S13,General government,S1,Total economy,TOTAL,Total,ED5-8,Tertiary education (levels 5-8),PT,Portugal,2014,,1580.8,,d,definition differs (see metadata),,
dataflow,ESTAT:EDUC_UOE_FINE02(1.0),"Public educational expenditure by education level, programme orientation, type of source and expenditure category",A,Annual,MIO_EUR,Million euro,S13,General government,S1,Total economy,TOTAL,Total,ED5-8,Tertiary education (levels 5-8),PT,Portugal,2015,,1607.1,,d,definition differs (see metadata),,
dataflow,ESTAT:EDUC_UOE_FINE02(1.0),"Public educational expenditure by education level, programme orientation, type of source and expenditure category",A,Annual,MIO_EUR,Million euro,S13,General government,S1,Total economy,TOTAL,Total,ED5-8,Tertiary education (levels 5-8),PT,Portugal,2016,,1510.6,,,,,
dataflow,ESTAT:EDUC_UOE_FINE02(1.0),"Public educational expenditure by education level, programme orientation, type of source and expenditure category",A,Annual,MIO_EUR,Million euro,S13,General government,S1,Total economy,TOTAL,Total,ED5-8,Tertiary education (levels 5-8),PT,Portugal,2017,,1569.4,,,,,
dataflow,ESTAT:EDUC_UOE_FINE02(1.0),"Public educational expenditure by education level, programme orientation, type of source and expenditure category",A,Annual,MIO_EUR,Million euro,S13,General government,S1,Total economy,TOTAL,Total,ED5-8,Tertiary education (levels 5-8),PT,Portugal,2018,,1597.9,,,,,
dataflow,ESTAT:EDUC_UOE_FINE02(1.0),"Public educational expenditure by education level, programme orientation, type of source and expenditure category",A,Annual,MIO_EUR,Million euro,S13,General government,S1,Total economy,TOTAL,Total,ED5-8,Tertiary education (levels 5-8),PT,Portugal,2019,,1686.8,,,,,
dataflow,ESTAT:EDUC_UOE_FINE02(1.0),"Public educational expenditure by education level, programme orientation, type of source and expenditure category",A,Annual,MIO_EUR,Million euro,S13,General government,S1,Total economy,TOTAL,Total,ED5-8,Tertiary education (levels 5-8),PT,Portugal,2020,,1749.5,,,,,
dataflow,ESTAT:EDUC_UOE_FINE02(1.0),"Public educational expenditure by education level, programme orientation, type of source and expenditure category",A,Annual,MIO_EUR,Million euro,S13,General government,S1,Total economy,TOTAL,Total,ED5-8,Tertiary education (levels 5-8),PT,Portugal,2021,,1840.2,,,,,
dataflow,ESTAT:EDUC_UOE_FINE02(1.0),"Public educational expenditure by education level, programme orientation, type of source and expenditure category",A,Annual,MIO_EUR,Million euro,S13,General government,S1,Total economy,TOTAL,Total,ED5-8,Tertiary education (levels 5-8),PT,Portugal,2022,,1958.7,,,,,
dataflow,ESTAT:EDUC_UOE_FINE02(1.0),"Public educational expenditure by education level, programme orientation, type of source and expenditure category",A,Annual,MIO_EUR,Million euro,S13,General government,S1,Total economy,TOTAL,Total,ED5-8,Tertiary education (levels 5-8),RO,Romania,2014,,1018.3,,,,,
dataflow,ESTAT:EDUC_UOE_FINE02(1.0),"Public educational expenditure by education level, programme orientation, type of source and expenditure category",A,Annual,MIO_EUR,Million euro,S13,General government,S1,Total economy,TOTAL,Total,ED5-8,Tertiary education (levels 5-8),RO,Romania,2015,,1054.0,,,,,
dataflow,ESTAT:EDUC_UOE_FINE02(1.0),"Public educational expenditure by education level, programme orientation, type of source and expenditure category",A,Annual,MIO_EUR,Million euro,S13,General government,S1,Total economy,TOTAL,Total,ED5-8,Tertiary education (levels 5-8),RO,Romania,2016,,1205.0,,,,,
dataflow,ESTAT:EDUC_UOE_FINE02(1.0),"Public educational expenditure by education level, programme orientation, type of source and expenditure category",A,Annual,MIO_EUR,Million euro,S13,General government,S1,Total economy,TOTAL,Total,ED5-8,Tertiary education (levels 5-8),RO,Romania,2017,,1344.1,,,,,
dataflow,ESTAT:EDUC_UOE_FINE02(1.0),"Public educational expenditure by education level, programme orientation, type of source and expenditure category",A,Annual,MIO_EUR,Million euro,S13,General government,S1,Total economy,TOTAL,Total,ED5-8,Tertiary education (levels 5-8),RO,Romania,2018,,1538.4,,,,,
dataflow,ESTAT:EDUC_UOE_FINE02(1.0),"Public educational expenditure by education level, programme orientation, type of source and expenditure category",A,Annual,MIO_EUR,Million euro,S13,General government,S1,Total economy,TOTAL,Total,ED5-8,Tertiary education (levels 5-8),RO,Romania,2019,,1816.2,,,,,
dataflow,ESTAT:EDUC_UOE_FINE02(1.0),"Public educational expenditure by education level, programme orientation, type of source and expenditure category",A,Annual,MIO_EUR,Million euro,S13,General government,S1,Total economy,TOTAL,Total,ED5-8,Tertiary education (levels 5-8),RO,Romania,2020,,1778.8,,,,,
dataflow,ESTAT:EDUC_UOE_FINE02(1.0),"Public educational expenditure by education level, programme orientation, type of source and expenditure category",A,Annual,MIO_EUR,Million euro,S13,General government,S1,Total economy,TOTAL,Total,ED5-8,Tertiary education (levels 5-8),RO,Romania,2021,,1818.4,,,,,
dataflow,ESTAT:EDUC_UOE_FINE02(1.0),"Public educational expenditure by education level, programme orientation, type of source and expenditure category",A,Annual,MIO_EUR,Million euro,S13,General government,S1,Total economy,TOTAL,Total,ED5-8,Tertiary education (levels 5-8),RO,Romania,2022,,1969.2,,,,,
dataflow,ESTAT:EDUC_UOE_FINE02(1.0),"Public educational expenditure by education level, programme orientation, type of source and expenditure category",A,Annual,MIO_EUR,Million euro,S13,General government,S1,Total economy,TOTAL,Total,ED5-8,Tertiary education (levels 5-8),RS,Serbia,2014,,406.5,,,,,
dataflow,ESTAT:EDUC_UOE_FINE02(1.0),"Public educational expenditure by education level, programme orientation, type of source and expenditure category",A,Annual,MIO_EUR,Million euro,S13,General government,S1,Total economy,TOTAL,Total,ED5-8,Tertiary education (levels 5-8),RS,Serbia,2015,,386.9,,,,,
dataflow,ESTAT:EDUC_UOE_FINE02(1.0),"Public educational expenditure by education level, programme orientation, type of source and expenditure category",A,Annual,MIO_EUR,Million euro,S13,General government,S1,Total economy,TOTAL,Total,ED5-8,Tertiary education (levels 5-8),RS,Serbia,2017,,435.7,,d,definition differs (see metadata),,
dataflow,ESTAT:EDUC_UOE_FINE02(1.0),"Public educational expenditure by education level, programme orientation, type of source and expenditure category",A,Annual,MIO_EUR,Million euro,S13,General government,S1,Total economy,TOTAL,Total,ED5-8,Tertiary education (levels 5-8),RS,Serbia,2019,,478.4,,d,definition differs (see metadata),,
dataflow,ESTAT:EDUC_UOE_FINE02(1.0),"Public educational expenditure by education level, programme orientation, type of source and expenditure category",A,Annual,MIO_EUR,Million euro,S13,General government,S1,Total economy,TOTAL,Total,ED5-8,Tertiary education (levels 5-8),RS,Serbia,2020,,,,m,missing value; data cannot exist,,
dataflow,ESTAT:EDUC_UOE_FINE02(1.0),"Public educational expenditure by education level, programme orientation, type of source and expenditure category",A,Annual,MIO_EUR,Million euro,S13,General government,S1,Total economy,TOTAL,Total,ED5-8,Tertiary education (levels 5-8),RS,Serbia,2021,,,,m,missing value; data cannot exist,,
dataflow,ESTAT:EDUC_UOE_FINE02(1.0),"Public educational expenditure by education level, programme orientation, type of source and expenditure category",A,Annual,MIO_EUR,Million euro,S13,General government,S1,Total economy,TOTAL,Total,ED5-8,Tertiary education (levels 5-8),RS,Serbia,2022,,529.3,,,,,
dataflow,ESTAT:EDUC_UOE_FINE02(1.0),"Public educational expenditure by education level, programme orientation, type of source and expenditure category",A,Annual,MIO_EUR,Million euro,S13,General government,S1,Total economy,TOTAL,Total,ED5-8,Tertiary education (levels 5-8),SE,Sweden,2014,,8399.1,,,,,
dataflow,ESTAT:EDUC_UOE_FINE02(1.0),"Public educational expenditure by education level, programme orientation, type of source and expenditure category",A,Annual,MIO_EUR,Million euro,S13,General government,S1,Total economy,TOTAL,Total,ED5-8,Tertiary education (levels 5-8),SE,Sweden,2015,,8447.3,,,,,
dataflow,ESTAT:EDUC_UOE_FINE02(1.0),"Public educational expenditure by education level, programme orientation, type of source and expenditure category",A,Annual,MIO_EUR,Million euro,S13,General government,S1,Total economy,TOTAL,Total,ED5-8,Tertiary education (levels 5-8),SE,Sweden,2016,,8556.3,,,,,
dataflow,ESTAT:EDUC_UOE_FINE02(1.0),"Public educational expenditure by education level, programme orientation, type of source and expenditure category",A,Annual,MIO_EUR,Million euro,S13,General government,S1,Total economy,TOTAL,Total,ED5-8,Tertiary education (levels 5-8),SE,Sweden,2017,,8616.4,,,,,
dataflow,ESTAT:EDUC_UOE_FINE02(1.0),"Public educational expenditure by education level, programme orientation, type of source and expenditure category",A,Annual,MIO_EUR,Million euro,S13,General government,S1,Total economy,TOTAL,Total,ED5-8,Tertiary education (levels 5-8),SE,Sweden,2018,,8425.9,,,,,
dataflow,ESTAT:EDUC_UOE_FINE02(1.0),"Public educational expenditure by education level, programme orientation, type of source and expenditure category",A,Annual,MIO_EUR,Million euro,S13,General government,S1,Total economy,TOTAL,Total,ED5-8,Tertiary education (levels 5-8),SE,Sweden,2019,,8493.7,,,,,
dataflow,ESTAT:EDUC_UOE_FINE02(1.0),"Public educational expenditure by education level, programme orientation, type of source and expenditure category",A,Annual,MIO_EUR,Million euro,S13,General government,S1,Total economy,TOTAL,Total,ED5-8,Tertiary education (levels 5-8),SE,Sweden,2020,,9057.6,,,,,
dataflow,ESTAT:EDUC_UOE_FINE02(1.0),"Public educational expenditure by education level, programme orientation, type of source and expenditure category",A,Annual,MIO_EUR,Million euro,S13,General government,S1,Total economy,TOTAL,Total,ED5-8,Tertiary education (levels 5-8),SE,Sweden,2021,,9923.6,,,,,
dataflow,ESTAT:EDUC_UOE_FINE02(1.0),"Public educational expenditure by education level, programme orientation, type of source and expenditure category",A,Annual,MIO_EUR,Million euro,S13,General government,S1,Total economy,TOTAL,Total,ED5-8,Tertiary education (levels 5-8),SE,Sweden,2022,,9596.9,,,,,
dataflow,ESTAT:EDUC_UOE_FINE02(1.0),"Public educational expenditure by education level, programme orientation, type of source and expenditure category",A,Annual,MIO_EUR,Million euro,S13,General government,S1,Total economy,TOTAL,Total,ED5-8,Tertiary education (levels 5-8),SI,Slovenia,2014,,393.6,,,,,
dataflow,ESTAT:EDUC_UOE_FINE02(1.0),"Public educational expenditure by education level, programme orientation, type of source and expenditure category",A,Annual,MIO_EUR,Million euro,S13,General government,S1,Total economy,TOTAL,Total,ED5-8,Tertiary education (levels 5-8),SI,Slovenia,2015,,379.0,,,,,
dataflow,ESTAT:EDUC_UOE_FINE02(1.0),"Public educational expenditure by education level, programme orientation, type of source and expenditure category",A,Annual,MIO_EUR,Million euro,S13,General government,S1,Total economy,TOTAL,Total,ED5-8,Tertiary education (levels 5-8),SI,Slovenia,2016,,406.7,,,,,
dataflow,ESTAT:EDUC_UOE_FINE02(1.0),"Public educational expenditure by education level, programme orientation, type of source and expenditure category",A,Annual,MIO_EUR,Million euro,S13,General government,S1,Total economy,TOTAL,Total,ED5-8,Tertiary education (levels 5-8),SI,Slovenia,2017,,406.7,,,,,
dataflow,ESTAT:EDUC_UOE_FINE02(1.0),"Public educational expenditure by education level, programme orientation, type of source and expenditure category",A,Annual,MIO_EUR,Million euro,S13,General government,S1,Total economy,TOTAL,Total,ED5-8,Tertiary education (levels 5-8),SI,Slovenia,2018,,464.4,,,,,
dataflow,ESTAT:EDUC_UOE_FINE02(1.0),"Public educational expenditure by education level, programme orientation, type of source and expenditure category",A,Annual,MIO_EUR,Million euro,S13,General government,S1,Total economy,TOTAL,Total,ED5-8,Tertiary education (levels 5-8),SI,Slovenia,2019,,494.8,,,,,
dataflow,ESTAT:EDUC_UOE_FINE02(1.0),"Public educational expenditure by education level, programme orientation, type of source and expenditure category",A,Annual,MIO_EUR,Million euro,S13,General government,S1,Total economy,TOTAL,Total,ED5-8,Tertiary education (levels 5-8),SI,Slovenia,2020,,543.9,,,,,
dataflow,ESTAT:EDUC_UOE_FINE02(1.0),"Public educational expenditure by education level, programme orientation, type of source and expenditure category",A,Annual,MIO_EUR,Million euro,S13,General government,S1,Total economy,TOTAL,Total,ED5-8,Tertiary education (levels 5-8),SI,Slovenia,2021,,585.9,,,,,
dataflow,ESTAT:EDUC_UOE_FINE02(1.0),"Public educational expenditure by education level, programme orientation, type of source and expenditure category",A,Annual,MIO_EUR,Million euro,S13,General government,S1,Total economy,TOTAL,Total,ED5-8,Tertiary education (levels 5-8),SI,Slovenia,2022,,631.5,,,,,
dataflow,ESTAT:EDUC_UOE_FINE02(1.0),"Public educational expenditure by education level, programme orientation, type of source and expenditure category",A,Annual,MIO_EUR,Million euro,S13,General government,S1,Total economy,TOTAL,Total,ED5-8,Tertiary education (levels 5-8),SI,Slovenia,2023,,727.8,,,,,
dataflow,ESTAT:EDUC_UOE_FINE02(1.0),"Public educational expenditure by education level, programme orientation, type of source and expenditure category",A,Annual,MIO_EUR,Million euro,S13,General government,S1,Total economy,TOTAL,Total,ED5-8,Tertiary education (levels 5-8),SK,Slovakia,2014,,740.3,,,,,
dataflow,ESTAT:EDUC_UOE_FINE02(1.0),"Public educational expenditure by education level, programme orientation, type of source and expenditure category",A,Annual,MIO_EUR,Million euro,S13,General government,S1,Total economy,TOTAL,Total,ED5-8,Tertiary education (levels 5-8),SK,Slovakia,2015,,1097.2,,,,,
dataflow,ESTAT:EDUC_UOE_FINE02(1.0),"Public educational expenditure by education level, programme orientation, type of source and expenditure category",A,Annual,MIO_EUR,Million euro,S13,General government,S1,Total economy,TOTAL,Total,ED5-8,Tertiary education (levels 5-8),SK,Slovakia,2016,,675.1,,,,,
dataflow,ESTAT:EDUC_UOE_FINE02(1.0),"Public educational expenditure by education level, programme orientation, type of source and expenditure category",A,Annual,MIO_EUR,Million euro,S13,General government,S1,Total economy,TOTAL,Total,ED5-8,Tertiary education (levels 5-8),SK,Slovakia,2017,,664.3,,,,,
dataflow,ESTAT:EDUC_UOE_FINE02(1.0),"Public educational expenditure by education level, programme orientation, type of source and expenditure category",A,Annual,MIO_EUR,Million euro,S13,General government,S1,Total economy,TOTAL,Total,ED5-8,Tertiary education (levels 5-8),SK,Slovakia,2018,,677.2,,,,,
dataflow,ESTAT:EDUC_UOE_FINE02(1.0),"Public educational expenditure by education level, programme orientation, type of source and expenditure category",A,Annual,MIO_EUR,Million euro,S13,General government,S1,Total economy,TOTAL,Total,ED5-8,Tertiary education (levels 5-8),SK,Slovakia,2019,,736.9,,,,,
dataflow,ESTAT:EDUC_UOE_FINE02(1.0),"Public educational expenditure by education level, programme orientation, type of source and expenditure category",A,Annual,MIO_EUR,Million euro,S13,General government,S1,Total economy,TOTAL,Total,ED5-8,Tertiary education (levels 5-8),SK,Slovakia,2020,,845.5,,,,,
dataflow,ESTAT:EDUC_UOE_FINE02(1.0),"Public educational expenditure by education level, programme orientation, type of source and expenditure category",A,Annual,MIO_EUR,Million euro,S13,General government,S1,Total economy,TOTAL,Total,ED5-8,Tertiary education (levels 5-8),SK,Slovakia,2021,,971.9,,,,,
dataflow,ESTAT:EDUC_UOE_FINE02(1.0),"Public educational expenditure by education level, programme orientation, type of source and expenditure category",A,Annual,MIO_EUR,Million euro,S13,General government,S1,Total economy,TOTAL,Total,ED5-8,Tertiary education (levels 5-8),SK,Slovakia,2022,,1089.5,,,,,
dataflow,ESTAT:EDUC_UOE_FINE02(1.0),"Public educational expenditure by education level, programme orientation, type of source and expenditure category",A,Annual,MIO_EUR,Million euro,S13,General government,S1,Total economy,TOTAL,Total,ED5-8,Tertiary education (levels 5-8),TR,Türkiye,2014,,10907.9,,,,,
dataflow,ESTAT:EDUC_UOE_FINE02(1.0),"Public educational expenditure by education level, programme orientation, type of source and expenditure category",A,Annual,MIO_EUR,Million euro,S13,General government,S1,Total economy,TOTAL,Total,ED5-8,Tertiary education (levels 5-8),TR,Türkiye,2015,,11780.6,,,,,
dataflow,ESTAT:EDUC_UOE_FINE02(1.0),"Public educational expenditure by education level, programme orientation, type of source and expenditure category",A,Annual,MIO_EUR,Million euro,S13,General government,S1,Total economy,TOTAL,Total,ED5-8,Tertiary education (levels 5-8),TR,Türkiye,2016,,13036.4,,,,,
dataflow,ESTAT:EDUC_UOE_FINE02(1.0),"Public educational expenditure by education level, programme orientation, type of source and expenditure category",A,Annual,MIO_EUR,Million euro,S13,General government,S1,Total economy,TOTAL,Total,ED5-8,Tertiary education (levels 5-8),TR,Türkiye,2017,,11965.8,,,,,
dataflow,ESTAT:EDUC_UOE_FINE02(1.0),"Public educational expenditure by education level, programme orientation, type of source and expenditure category",A,Annual,MIO_EUR,Million euro,S13,General government,S1,Total economy,TOTAL,Total,ED5-8,Tertiary education (levels 5-8),TR,Türkiye,2018,,9823.4,,,,,
dataflow,ESTAT:EDUC_UOE_FINE02(1.0),"Public educational expenditure by education level, programme orientation, type of source and expenditure category",A,Annual,MIO_EUR,Million euro,S13,General government,S1,Total economy,TOTAL,Total,ED5-8,Tertiary education (levels 5-8),TR,Türkiye,2019,,9077.0,,,,,
dataflow,ESTAT:EDUC_UOE_FINE02(1.0),"Public educational expenditure by education level, programme orientation, type of source and expenditure category",A,Annual,MIO_EUR,Million euro,S13,General government,S1,Total economy,TOTAL,Total,ED5-8,Tertiary education (levels 5-8),TR,Türkiye,2020,,8769.6,,,,,
dataflow,ESTAT:EDUC_UOE_FINE02(1.0),"Public educational expenditure by education level, programme orientation, type of source and expenditure category",A,Annual,MIO_EUR,Million euro,S13,General government,S1,Total economy,TOTAL,Total,ED5-8,Tertiary education (levels 5-8),TR,Türkiye,2021,,8860.2,,,,,
dataflow,ESTAT:EDUC_UOE_FINE02(1.0),"Public educational expenditure by education level, programme orientation, type of source and expenditure category",A,Annual,MIO_EUR,Million euro,S13,General government,S1,Total economy,TOTAL,Total,ED5-8,Tertiary education (levels 5-8),TR,Türkiye,2022,,9096.8,,,,,
dataflow,ESTAT:EDUC_UOE_FINE02(1.0),"Public educational expenditure by education level, programme orientation, type of source and expenditure category",A,Annual,MIO_EUR,Million euro,S13,General government,S1,Total economy,TOTAL,Total,ED5-8,Tertiary education (levels 5-8),UK,United Kingdom,2014,,29287.1,,,,,
dataflow,ESTAT:EDUC_UOE_FINE02(1.0),"Public educational expenditure by education level, programme orientation, type of source and expenditure category",A,Annual,MIO_EUR,Million euro,S13,General government,S1,Total economy,TOTAL,Total,ED5-8,Tertiary education (levels 5-8),UK,United Kingdom,2015,,34870.3,,b,break in time series,,
dataflow,ESTAT:EDUC_UOE_FINE02(1.0),"Public educational expenditure by education level, programme orientation, type of source and expenditure category",A,Annual,MIO_EUR,Million euro,S13,General government,S1,Total economy,TOTAL,Total,ED5-8,Tertiary education (levels 5-8),UK,United Kingdom,2016,,34278.8,,,,,
dataflow,ESTAT:EDUC_UOE_FINE02(1.0),"Public educational expenditure by education level, programme orientation, type of source and expenditure category",A,Annual,MIO_EUR,Million euro,S13,General government,S1,Total economy,TOTAL,Total,ED5-8,Tertiary education (levels 5-8),UK,United Kingdom,2017,,32042.6,,,,,
dataflow,ESTAT:EDUC_UOE_FINE02(1.0),"Public educational expenditure by education level, programme orientation, type of source and expenditure category",A,Annual,MIO_EUR,Million euro,S13,General government,S1,Total economy,TOTAL,Total,ED5-8,Tertiary education (levels 5-8),UK,United Kingdom,2018,,33946.3,,,,,
dataflow,ESTAT:EDUC_UOE_FINE02(1.0),"Public educational expenditure by education level, programme orientation, type of source and expenditure category",A,Annual,MIO_EUR,Million euro,S13,General government,S1,Total economy,TOTAL,Total,ED5-8,Tertiary education (levels 5-8),UK,United Kingdom,2019,,35361.2,,,,,
dataflow,ESTAT:EDUC_UOE_FINE02(1.0),"Public educational expenditure by education level, programme orientation, type of source and expenditure category",A,Annual,MIO_EUR,Million euro,S13,General government,S1,Total economy,TOTAL,Total,ED5-8,Tertiary education (levels 5-8),UK,United Kingdom,2020,,37866.4,,,,,
