STRUCTURE,STRUCTURE_ID,STRUCTURE_NAME,freq,Time frequency,unit,Unit of measure,sector,Sector,cofog99,Classification of the functions of government (COFOG 1999),na_item,National accounts indicator (ESA 2010),geo,Geopolitical entity (reporting),TIME_PERIOD,Time,OBS_VALUE,Observation value,OBS_FLAG,Observation status (Flag) V2 structure,CONF_STATUS,Confidentiality status (flag)
dataflow,ESTAT:GOV_10A_EXP(1.0),General government expenditure by function (COFOG),A,Annual,MIO_EUR,Million euro,S13,General government,TOTAL,Total,TE,Total general government expenditure,AT,Austria,2014,,172966.9,,,,,
dataflow,ESTAT:GOV_10A_EXP(1.0),General government expenditure by function (COFOG),A,Annual,MIO_EUR,Million euro,S13,General government,TOTAL,Total,TE,Total general government expenditure,AT,Austria,2015,,175200.9,,,,,
dataflow,ESTAT:GOV_10A_EXP(1.0),General government expenditure by function (COFOG),A,Annual,MIO_EUR,Million euro,S13,General government,TOTAL,Total,TE,Total general government expenditure,AT,Austria,2016,,180108.2,,,,,
dataflow,ESTAT:GOV_10A_EXP(1.0),General government expenditure by function (COFOG),A,Annual,MIO_EUR,Million euro,S13,General government,TOTAL,Total,TE,Total general government expenditure,AT,Austria,2017,,182990.1,,,,,
dataflow,ESTAT:GOV_10A_EXP(1.0),General government expenditure by function (COFOG),A,Annual,MIO_EUR,Million euro,S13,General government,TOTAL,Total,TE,Total general government expenditure,AT,Austria,2018,,188523.5,,,,,
dataflow,ESTAT:GOV_10A_EXP(1.0),General government expenditure by function (COFOG),A,Annual,MIO_EUR,Million euro,S13,General government,TOTAL,Total,TE,Total general government expenditure,AT,Austria,2019,,194188.9,,,,,
dataflow,ESTAT:GOV_10A_EXP(1.0),General government expenditure by function (COFOG),A,Annual,MIO_EUR,Million euro,S13,General government,TOTAL,Total,TE,Total general government expenditure,AT,Austria,2020,,217971.0,,,,,
dataflow,ESTAT:GOV_10A_EXP(1.0),General government expenditure by function (COFOG),A,Annual,MIO_EUR,Million euro,S13,General government,TOTAL,Total,TE,Total general government expenditure,AT,Austria,2021,,227597.4,,,,,
dataflow,ESTAT:GOV_10A_EXP(1.0),General government expenditure by function (COFOG),A,Annual,MIO_EUR,Million euro,S13,General government,TOTAL,Total,TE,Total general government expenditure,AT,Austria,2022,,238015.4,,,,,
dataflow,ESTAT:GOV_10A_EXP(1.0),General government expenditure by function (COFOG),A,Annual,MIO_EUR,Million euro,S13,General government,TOTAL,Total,TE,Total general government expenditure,AT,Austria,2023,,249471.2,,,,,
dataflow,ESTAT:GOV_10A_EXP(1.0),General government expenditure by function (COFOG),A,Annual,MIO_EUR,Million euro,S13,General government,TOTAL,Total,TE,Total general government expenditure,BE,Belgium,2014,,224413.9,,,,,
dataflow,ESTAT:GOV_10A_EXP(1.0),General government expenditure by function (COFOG),A,Annual,MIO_EUR,Million euro,S13,General government,TOTAL,Total,TE,Total general government expenditure,BE,Belgium,2015,,223895.1,,,,,
dataflow,ESTAT:GOV_10A_EXP(1.0),General government expenditure by function (COFOG),A,Annual,MIO_EUR,Million euro,S13,General government,TOTAL,Total,TE,Total general government expenditure,BE,Belgium,2016,,228709.1,,,,,
dataflow,ESTAT:GOV_10A_EXP(1.0),General government expenditure by function (COFOG),A,Annual,MIO_EUR,Million euro,S13,General government,TOTAL,Total,TE,Total general government expenditure,BE,Belgium,2017,,231699.2,,,,,
dataflow,ESTAT:GOV_10A_EXP(1.0),General government expenditure by function (COFOG),A,Annual,MIO_EUR,Million euro,S13,General government,TOTAL,Total,TE,Total general government expenditure,BE,Belgium,2018,,241008.5,,,,,
dataflow,ESTAT:GOV_10A_EXP(1.0),General government expenditure by function (COFOG),A,Annual,MIO_EUR,Million euro,S13,General government,TOTAL,Total,TE,Total general government expenditure,BE,Belgium,2019,,248119.7,,,,,
dataflow,ESTAT:GOV_10A_EXP(1.0),General government expenditure by function (COFOG),A,Annual,MIO_EUR,Million euro,S13,General government,TOTAL,Total,TE,Total general government expenditure,BE,Belgium,2020,,271075.8,,,,,
dataflow,ESTAT:GOV_10A_EXP(1.0),General government expenditure by function (COFOG),A,Annual,MIO_EUR,Million euro,S13,General government,TOTAL,Total,TE,Total general government expenditure,BE,Belgium,2021,,278017.3,,,,,
dataflow,ESTAT:GOV_10A_EXP(1.0),General government expenditure by function (COFOG),A,Annual,MIO_EUR,Million euro,S13,General government,TOTAL,Total,TE,Total general government expenditure,BE,Belgium,2022,,294710.9,,,,,
dataflow,ESTAT:GOV_10A_EXP(1.0),General government expenditure by function (COFOG),A,Annual,MIO_EUR,Million euro,S13,General government,TOTAL,Total,TE,Total general government expenditure,BE,Belgium,2023,,318074.9,,,,,
dataflow,ESTAT:GOV_10A_EXP(1.0),General government expenditure by function (COFOG),A,Annual,MIO_EUR,Million euro,S13,General government,TOTAL,Total,TE,Total general government expenditure,BG,Bulgaria,2014,,18574.8,,,,,
dataflow,ESTAT:GOV_10A_EXP(1.0),General government expenditure by function (COFOG),A,Annual,MIO_EUR,Million euro,S13,General government,TOTAL,Total,TE,Total general government expenditure,BG,Bulgaria,2015,,18494.9,,,,,
dataflow,ESTAT:GOV_10A_EXP(1.0),General government expenditure by function (COFOG),A,Annual,MIO_EUR,Million euro,S13,General government,TOTAL,Total,TE,Total general government expenditure,BG,Bulgaria,2016,,16952.1,,,,,
dataflow,ESTAT:GOV_10A_EXP(1.0),General government expenditure by function (COFOG),A,Annual,MIO_EUR,Million euro,S13,General government,TOTAL,Total,TE,Total general government expenditure,BG,Bulgaria,2017,,18265.4,,,,,
dataflow,ESTAT:GOV_10A_EXP(1.0),General government expenditure by function (COFOG),A,Annual,MIO_EUR,Million euro,S13,General government,TOTAL,Total,TE,Total general government expenditure,BG,Bulgaria,2018,,20770.0,,,,,
dataflow,ESTAT:GOV_10A_EXP(1.0),General government expenditure by function (COFOG),A,Annual,MIO_EUR,Million euro,S13,General government,TOTAL,Total,TE,Total general government expenditure,BG,Bulgaria,2019,,22343.5,,,,,
dataflow,ESTAT:GOV_10A_EXP(1.0),General government expenditure by function (COFOG),A,Annual,MIO_EUR,Million euro,S13,General government,TOTAL,Total,TE,Total general government expenditure,BG,Bulgaria,2020,,25595.5,,,,,
dataflow,ESTAT:GOV_10A_EXP(1.0),General government expenditure by function (COFOG),A,Annual,MIO_EUR,Million euro,S13,General government,TOTAL,Total,TE,Total general government expenditure,BG,Bulgaria,2021,,29625.6,,,,,
dataflow,ESTAT:GOV_10A_EXP(1.0),General government expenditure by function (COFOG),A,Annual,MIO_EUR,Million euro,S13,General government,TOTAL,Total,TE,Total general government expenditure,BG,Bulgaria,2022,,35541.6,,,,,
dataflow,ESTAT:GOV_10A_EXP(1.0),General government expenditure by function (COFOG),A,Annual,MIO_EUR,Million euro,S13,General government,TOTAL,Total,TE,Total general government expenditure,BG,Bulgaria,2023,,36724.0,,,,,
dataflow,ESTAT:GOV_10A_EXP(1.0),General government expenditure by function (COFOG),A,Annual,MIO_EUR,Million euro,S13,General government,TOTAL,Total,TE,Total general government expenditure,CH,Switzerland,2014,,181825.1,,,,,
dataflow,ESTAT:GOV_10A_EXP(1.0),General government expenditure by function (COFOG),A,Annual,MIO_EUR,Million euro,S13,General government,TOTAL,Total,TE,Total general government expenditure,CH,Switzerland,2015,,209722.6,,,,,
dataflow,ESTAT:GOV_10A_EXP(1.0),General government expenditure by function (COFOG),A,Annual,MIO_EUR,Million euro,S13,General government,TOTAL,Total,TE,Total general government expenditure,CH,Switzerland,2016,,208824.5,,,,,
dataflow,ESTAT:GOV_10A_EXP(1.0),General government expenditure by function (COFOG),A,Annual,MIO_EUR,Million euro,S13,General government,TOTAL,Total,TE,Total general government expenditure,CH,Switzerland,2017,,206993.6,,,,,
dataflow,ESTAT:GOV_10A_EXP(1.0),General government expenditure by function (COFOG),A,Annual,MIO_EUR,Million euro,S13,General government,TOTAL,Total,TE,Total general government expenditure,CH,Switzerland,2018,,201896.1,,,,,
dataflow,ESTAT:GOV_10A_EXP(1.0),General government expenditure by function (COFOG),A,Annual,MIO_EUR,Million euro,S13,General government,TOTAL,Total,TE,Total general government expenditure,CH,Switzerland,2019,,213833.2,,,,,
dataflow,ESTAT:GOV_10A_EXP(1.0),General government expenditure by function (COFOG),A,Annual,MIO_EUR,Million euro,S13,General government,TOTAL,Total,TE,Total general government expenditure,CH,Switzerland,2020,,248260.3,,,,,
dataflow,ESTAT:GOV_10A_EXP(1.0),General government expenditure by function (COFOG),A,Annual,MIO_EUR,Million euro,S13,General government,TOTAL,Total,TE,Total general government expenditure,CH,Switzerland,2021,,246426.3,,,,,
dataflow,ESTAT:GOV_10A_EXP(1.0),General government expenditure by function (COFOG),A,Annual,MIO_EUR,Million euro,S13,General government,TOTAL,Total,TE,Total general government expenditure,CH,Switzerland,2022,,257157.5,,,,,
dataflow,ESTAT:GOV_10A_EXP(1.0),General government expenditure by function (COFOG),A,Annual,MIO_EUR,Million euro,S13,General government,TOTAL,Total,TE,Total general government expenditure,CH,Switzerland,2023,,276347.9,,,,,
dataflow,ESTAT:GOV_10A_EXP(1.0),General government expenditure by function (COFOG),A,Annual,MIO_EUR,Million euro,S13,General government,TOTAL,Total,TE,Total general government expenditure,CY,Cyprus,2014,,9116.5,,,,,
dataflow,ESTAT:GOV_10A_EXP(1.0),General government expenditure by function (COFOG),A,Annual,MIO_EUR,Million euro,S13,General government,TOTAL,Total,TE,Total general government expenditure,CY,Cyprus,2015,,7733.3,,,,,
dataflow,ESTAT:GOV_10A_EXP(1.0),General government expenditure by function (COFOG),A,Annual,MIO_EUR,Million euro,S13,General government,TOTAL,Total,TE,Total general government expenditure,CY,Cyprus,2016,,7535.2,,,,,
dataflow,ESTAT:GOV_10A_EXP(1.0),General government expenditure by function (COFOG),A,Annual,MIO_EUR,Million euro,S13,General government,TOTAL,Total,TE,Total general government expenditure,CY,Cyprus,2017,,7823.4,,,,,
dataflow,ESTAT:GOV_10A_EXP(1.0),General government expenditure by function (COFOG),A,Annual,MIO_EUR,Million euro,S13,General government,TOTAL,Total,TE,Total general government expenditure,CY,Cyprus,2018,,9650.6,,,,,
dataflow,ESTAT:GOV_10A_EXP(1.0),General government expenditure by function (COFOG),A,Annual,MIO_EUR,Million euro,S13,General government,TOTAL,Total,TE,Total general government expenditure,CY,Cyprus,2019,,9420.8,,,,,
dataflow,ESTAT:GOV_10A_EXP(1.0),General government expenditure by function (COFOG),A,Annual,MIO_EUR,Million euro,S13,General government,TOTAL,Total,TE,Total general government expenditure,CY,Cyprus,2020,,10278.3,,,,,
dataflow,ESTAT:GOV_10A_EXP(1.0),General government expenditure by function (COFOG),A,Annual,MIO_EUR,Million euro,S13,General government,TOTAL,Total,TE,Total general government expenditure,CY,Cyprus,2021,,10970.4,,,,,
dataflow,ESTAT:GOV_10A_EXP(1.0),General government expenditure by function (COFOG),A,Annual,MIO_EUR,Million euro,S13,General government,TOTAL,Total,TE,Total general government expenditure,CY,Cyprus,2022,,11190.7,,,,,
dataflow,ESTAT:GOV_10A_EXP(1.0),General government expenditure by function (COFOG),A,Annual,MIO_EUR,Million euro,S13,General government,TOTAL,Total,TE,Total general government expenditure,CY,Cyprus,2023,,13183.5,,,,,
dataflow,ESTAT:GOV_10A_EXP(1.0),General government expenditure by function (COFOG),A,Annual,MIO_EUR,Million euro,S13,General government,TOTAL,Total,TE,Total general government expenditure,CZ,Czechia,2014,,67266.7,,,,,
dataflow,ESTAT:GOV_10A_EXP(1.0),General government expenditure by function (COFOG),A,Annual,MIO_EUR,Million euro,S13,General government,TOTAL,Total,TE,Total general government expenditure,CZ,Czechia,2015,,71104.8,,,,,
dataflow,ESTAT:GOV_10A_EXP(1.0),General government expenditure by function (COFOG),A,Annual,MIO_EUR,Million euro,S13,General government,TOTAL,Total,TE,Total general government expenditure,CZ,Czechia,2016,,70537.7,,,,,
dataflow,ESTAT:GOV_10A_EXP(1.0),General government expenditure by function (COFOG),A,Annual,MIO_EUR,Million euro,S13,General government,TOTAL,Total,TE,Total general government expenditure,CZ,Czechia,2017,,75680.2,,,,,
dataflow,ESTAT:GOV_10A_EXP(1.0),General government expenditure by function (COFOG),A,Annual,MIO_EUR,Million euro,S13,General government,TOTAL,Total,TE,Total general government expenditure,CZ,Czechia,2018,,85648.5,,,,,
dataflow,ESTAT:GOV_10A_EXP(1.0),General government expenditure by function (COFOG),A,Annual,MIO_EUR,Million euro,S13,General government,TOTAL,Total,TE,Total general government expenditure,CZ,Czechia,2019,,92617.2,,,,,
dataflow,ESTAT:GOV_10A_EXP(1.0),General government expenditure by function (COFOG),A,Annual,MIO_EUR,Million euro,S13,General government,TOTAL,Total,TE,Total general government expenditure,CZ,Czechia,2020,,101899.6,,,,,
dataflow,ESTAT:GOV_10A_EXP(1.0),General government expenditure by function (COFOG),A,Annual,MIO_EUR,Million euro,S13,General government,TOTAL,Total,TE,Total general government expenditure,CZ,Czechia,2021,,110765.7,,,,,
dataflow,ESTAT:GOV_10A_EXP(1.0),General government expenditure by function (COFOG),A,Annual,MIO_EUR,Million euro,S13,General government,TOTAL,Total,TE,Total general government expenditure,CZ,Czechia,2022,,123368.3,,,,,
dataflow,ESTAT:GOV_10A_EXP(1.0),General government expenditure by function (COFOG),A,Annual,MIO_EUR,Million euro,S13,General government,TOTAL,Total,TE,Total general government expenditure,CZ,Czechia,2023,,139412.0,,,,,
dataflow,ESTAT:GOV_10A_EXP(1.0),General government expenditure by function (COFOG),A,Annual,MIO_EUR,Million euro,S13,General government,TOTAL,Total,TE,Total general government expenditure,DE,Germany,2014,,1328332.0,,,,,
dataflow,ESTAT:GOV_10A_EXP(1.0),General government expenditure by function (COFOG),A,Annual,MIO_EUR,Million euro,S13,General government,TOTAL,Total,TE,Total general government expenditure,DE,Germany,2015,,1373293.0,,,,,
dataflow,ESTAT:GOV_10A_EXP(1.0),General government expenditure by function (COFOG),A,Annual,MIO_EUR,Million euro,S13,General government,TOTAL,Total,TE,Total general government expenditure,DE,Germany,2016,,1429256.0,,,,,
dataflow,ESTAT:GOV_10A_EXP(1.0),General government expenditure by function (COFOG),A,Annual,MIO_EUR,Million euro,S13,General government,TOTAL,Total,TE,Total general government expenditure,DE,Germany,2017,,1484552.0,,,,,
dataflow,ESTAT:GOV_10A_EXP(1.0),General government expenditure by function (COFOG),A,Annual,MIO_EUR,Million euro,S13,General government,TOTAL,Total,TE,Total general government expenditure,DE,Germany,2018,,1533328.0,,,,,
dataflow,ESTAT:GOV_10A_EXP(1.0),General government expenditure by function (COFOG),A,Annual,MIO_EUR,Million euro,S13,General government,TOTAL,Total,TE,Total general government expenditure,DE,Germany,2019,,1610615.0,,,,,
dataflow,ESTAT:GOV_10A_EXP(1.0),General government expenditure by function (COFOG),A,Annual,MIO_EUR,Million euro,S13,General government,TOTAL,Total,TE,Total general government expenditure,DE,Germany,2020,,1763784.0,,,,,
dataflow,ESTAT:GOV_10A_EXP(1.0),General government expenditure by function (COFOG),A,Annual,MIO_EUR,Million euro,S13,General government,TOTAL,Total,TE,Total general government expenditure,DE,Germany,2021,,1865819.0,,,,,
dataflow,ESTAT:GOV_10A_EXP(1.0),General government expenditure by function (COFOG),A,Annual,MIO_EUR,Million euro,S13,General government,TOTAL,Total,TE,Total general government expenditure,DE,Germany,2022,,1939208.0,,p,provisional,,
dataflow,ESTAT:GOV_10A_EXP(1.0),General government expenditure by function (COFOG),A,Annual,MIO_EUR,Million euro,S13,General government,TOTAL,Total,TE,Total general government expenditure,DE,Germany,2023,,2031433.0,,p,provisional,,
dataflow,ESTAT:GOV_10A_EXP(1.0),General government expenditure by function (COFOG),A,Annual,MIO_EUR,Million euro,S13,General government,TOTAL,Total,TE,Total general government expenditure,DK,Denmark,2014,,146369.9,,,,,
dataflow,ESTAT:GOV_10A_EXP(1.0),General government expenditure by function (COFOG),A,Annual,MIO_EUR,Million euro,S13,General government,TOTAL,Total,TE,Total general government expenditure,DK,Denmark,2015,,148122.3,,,,,
dataflow,ESTAT:GOV_10A_EXP(1.0),General government expenditure by function (COFOG),A,Annual,MIO_EUR,Million euro,S13,General government,TOTAL,Total,TE,Total general government expenditure,DK,Denmark,2016,,147770.5,,,,,
dataflow,ESTAT:GOV_10A_EXP(1.0),General government expenditure by function (COFOG),A,Annual,MIO_EUR,Million euro,S13,General government,TOTAL,Total,TE,Total general government expenditure,DK,Denmark,2017,,148947.6,,,,,
dataflow,ESTAT:GOV_10A_EXP(1.0),General government expenditure by function (COFOG),A,Annual,MIO_EUR,Million euro,S13,General government,TOTAL,Total,TE,Total general government expenditure,DK,Denmark,2018,,152779.3,,,,,
dataflow,ESTAT:GOV_10A_EXP(1.0),General government expenditure by function (COFOG),A,Annual,MIO_EUR,Million euro,S13,General government,TOTAL,Total,TE,Total general government expenditure,DK,Denmark,2019,,153678.8,,,,,
dataflow,ESTAT:GOV_10A_EXP(1.0),General government expenditure by function (COFOG),A,Annual,MIO_EUR,Million euro,S13,General government,TOTAL,Total,TE,Total general government expenditure,DK,Denmark,2020,,166482.5,,,,,
dataflow,ESTAT:GOV_10A_EXP(1.0),General government expenditure by function (COFOG),A,Annual,MIO_EUR,Million euro,S13,General government,TOTAL,Total,TE,Total general government expenditure,DK,Denmark,2021,,170648.6,,,,,
dataflow,ESTAT:GOV_10A_EXP(1.0),General government expenditure by function (COFOG),A,Annual,MIO_EUR,Million euro,S13,General government,TOTAL,Total,TE,Total general government expenditure,DK,Denmark,2022,,171594.4,,,,,
dataflow,ESTAT:GOV_10A_EXP(1.0),General government expenditure by function (COFOG),A,Annual,MIO_EUR,Million euro,S13,General government,TOTAL,Total,TE,Total general government expenditure,DK,Denmark,2023,,177351.5,,,,,
dataflow,ESTAT:GOV_10A_EXP(1.0),General government expenditure by function (COFOG),A,Annual,MIO_EUR,Million euro,S13,General government,TOTAL,Total,TE,Total general government expenditure,EA19,Euro area - 19 countries  (2015-2022),2014,,5084428.2,,,,,
dataflow,ESTAT:GOV_10A_EXP(1.0),General government expenditure by function (COFOG),A,Annual,MIO_EUR,Million euro,S13,General government,TOTAL,Total,TE,Total general government expenditure,EA19,Euro area - 19 countries  (2015-2022),2015,,5162586.4,,,,,
dataflow,ESTAT:GOV_10A_EXP(1.0),General government expenditure by function (COFOG),A,Annual,MIO_EUR,Million euro,S13,General government,TOTAL,Total,TE,Total general government expenditure,EA19,Euro area - 19 countries  (2015-2022),2016,,5226486.8,,,,,
dataflow,ESTAT:GOV_10A_EXP(1.0),General government expenditure by function (COFOG),A,Annual,MIO_EUR,Million euro,S13,General government,TOTAL,Total,TE,Total general government expenditure,EA19,Euro area - 19 countries  (2015-2022),2017,,5367073.2,,,,,
dataflow,ESTAT:GOV_10A_EXP(1.0),General government expenditure by function (COFOG),A,Annual,MIO_EUR,Million euro,S13,General government,TOTAL,Total,TE,Total general government expenditure,EA19,Euro area - 19 countries  (2015-2022),2018,,5501328.6,,,,,
dataflow,ESTAT:GOV_10A_EXP(1.0),General government expenditure by function (COFOG),A,Annual,MIO_EUR,Million euro,S13,General government,TOTAL,Total,TE,Total general government expenditure,EA19,Euro area - 19 countries  (2015-2022),2019,,5681276.3,,,,,
dataflow,ESTAT:GOV_10A_EXP(1.0),General government expenditure by function (COFOG),A,Annual,MIO_EUR,Million euro,S13,General government,TOTAL,Total,TE,Total general government expenditure,EA19,Euro area - 19 countries  (2015-2022),2020,,6195024.4,,,,,
dataflow,ESTAT:GOV_10A_EXP(1.0),General government expenditure by function (COFOG),A,Annual,MIO_EUR,Million euro,S13,General government,TOTAL,Total,TE,Total general government expenditure,EA19,Euro area - 19 countries  (2015-2022),2021,,6535059.6,,,,,
dataflow,ESTAT:GOV_10A_EXP(1.0),General government expenditure by function (COFOG),A,Annual,MIO_EUR,Million euro,S13,General government,TOTAL,Total,TE,Total general government expenditure,EA19,Euro area - 19 countries  (2015-2022),2022,,6833262.4,,,,,
dataflow,ESTAT:GOV_10A_EXP(1.0),General government expenditure by function (COFOG),A,Annual,MIO_EUR,Million euro,S13,General government,TOTAL,Total,TE,Total general government expenditure,EA19,Euro area - 19 countries  (2015-2022),2023,,7201750.1,,,,,
dataflow,ESTAT:GOV_10A_EXP(1.0),General government expenditure by function (COFOG),A,Annual,MIO_EUR,Million euro,S13,General government,TOTAL,Total,TE,Total general government expenditure,EA20,Euro area – 20 countries (2023-2025),2014,,5106014.5,,,,,
dataflow,ESTAT:GOV_10A_EXP(1.0),General government expenditure by function (COFOG),A,Annual,MIO_EUR,Million euro,S13,General government,TOTAL,Total,TE,Total general government expenditure,EA20,Euro area – 20 countries (2023-2025),2015,,5184242.5,,,,,
dataflow,ESTAT:GOV_10A_EXP(1.0),General government expenditure by function (COFOG),A,Annual,MIO_EUR,Million euro,S13,General government,TOTAL,Total,TE,Total general government expenditure,EA20,Euro area – 20 countries (2023-2025),2016,,5248330.4,,,,,
dataflow,ESTAT:GOV_10A_EXP(1.0),General government expenditure by function (COFOG),A,Annual,MIO_EUR,Million euro,S13,General government,TOTAL,Total,TE,Total general government expenditure,EA20,Euro area – 20 countries (2023-2025),2017,,5389318.1,,,,,
dataflow,ESTAT:GOV_10A_EXP(1.0),General government expenditure by function (COFOG),A,Annual,MIO_EUR,Million euro,S13,General government,TOTAL,Total,TE,Total general government expenditure,EA20,Euro area – 20 countries (2023-2025),2018,,5525281.8,,,,,
dataflow,ESTAT:GOV_10A_EXP(1.0),General government expenditure by function (COFOG),A,Annual,MIO_EUR,Million euro,S13,General government,TOTAL,Total,TE,Total general government expenditure,EA20,Euro area – 20 countries (2023-2025),2019,,5707130.0,,,,,
dataflow,ESTAT:GOV_10A_EXP(1.0),General government expenditure by function (COFOG),A,Annual,MIO_EUR,Million euro,S13,General government,TOTAL,Total,TE,Total general government expenditure,EA20,Euro area – 20 countries (2023-2025),2020,,6222288.1,,,,,
dataflow,ESTAT:GOV_10A_EXP(1.0),General government expenditure by function (COFOG),A,Annual,MIO_EUR,Million euro,S13,General government,TOTAL,Total,TE,Total general government expenditure,EA20,Euro area – 20 countries (2023-2025),2021,,6563197.6,,,,,
dataflow,ESTAT:GOV_10A_EXP(1.0),General government expenditure by function (COFOG),A,Annual,MIO_EUR,Million euro,S13,General government,TOTAL,Total,TE,Total general government expenditure,EA20,Euro area – 20 countries (2023-2025),2022,,6863695.6,,,,,
dataflow,ESTAT:GOV_10A_EXP(1.0),General government expenditure by function (COFOG),A,Annual,MIO_EUR,Million euro,S13,General government,TOTAL,Total,TE,Total general government expenditure,EA20,Euro area – 20 countries (2023-2025),2023,,7238398.7,,,,,
dataflow,ESTAT:GOV_10A_EXP(1.0),General government expenditure by function (COFOG),A,Annual,MIO_EUR,Million euro,S13,General government,TOTAL,Total,TE,Total general government expenditure,EA21,Euro area – 21 countries (from 2026),2014,,5124589.4,,,,,
dataflow,ESTAT:GOV_10A_EXP(1.0),General government expenditure by function (COFOG),A,Annual,MIO_EUR,Million euro,S13,General government,TOTAL,Total,TE,Total general government expenditure,EA21,Euro area – 21 countries (from 2026),2015,,5202737.4,,,,,
dataflow,ESTAT:GOV_10A_EXP(1.0),General government expenditure by function (COFOG),A,Annual,MIO_EUR,Million euro,S13,General government,TOTAL,Total,TE,Total general government expenditure,EA21,Euro area – 21 countries (from 2026),2016,,5265282.4,,,,,
dataflow,ESTAT:GOV_10A_EXP(1.0),General government expenditure by function (COFOG),A,Annual,MIO_EUR,Million euro,S13,General government,TOTAL,Total,TE,Total general government expenditure,EA21,Euro area – 21 countries (from 2026),2017,,5407583.5,,,,,
dataflow,ESTAT:GOV_10A_EXP(1.0),General government expenditure by function (COFOG),A,Annual,MIO_EUR,Million euro,S13,General government,TOTAL,Total,TE,Total general government expenditure,EA21,Euro area – 21 countries (from 2026),2018,,5546051.8,,,,,
dataflow,ESTAT:GOV_10A_EXP(1.0),General government expenditure by function (COFOG),A,Annual,MIO_EUR,Million euro,S13,General government,TOTAL,Total,TE,Total general government expenditure,EA21,Euro area – 21 countries (from 2026),2019,,5729473.5,,,,,
dataflow,ESTAT:GOV_10A_EXP(1.0),General government expenditure by function (COFOG),A,Annual,MIO_EUR,Million euro,S13,General government,TOTAL,Total,TE,Total general government expenditure,EA21,Euro area – 21 countries (from 2026),2020,,6247883.6,,,,,
dataflow,ESTAT:GOV_10A_EXP(1.0),General government expenditure by function (COFOG),A,Annual,MIO_EUR,Million euro,S13,General government,TOTAL,Total,TE,Total general government expenditure,EA21,Euro area – 21 countries (from 2026),2021,,6592823.2,,,,,
dataflow,ESTAT:GOV_10A_EXP(1.0),General government expenditure by function (COFOG),A,Annual,MIO_EUR,Million euro,S13,General government,TOTAL,Total,TE,Total general government expenditure,EA21,Euro area – 21 countries (from 2026),2022,,6899237.3,,,,,
dataflow,ESTAT:GOV_10A_EXP(1.0),General government expenditure by function (COFOG),A,Annual,MIO_EUR,Million euro,S13,General government,TOTAL,Total,TE,Total general government expenditure,EA21,Euro area – 21 countries (from 2026),2023,,7275122.7,,,,,
dataflow,ESTAT:GOV_10A_EXP(1.0),General government expenditure by function (COFOG),A,Annual,MIO_EUR,Million euro,S13,General government,TOTAL,Total,TE,Total general government expenditure,EE,Estonia,2014,,7648.0,,,,,
dataflow,ESTAT:GOV_10A_EXP(1.0),General government expenditure by function (COFOG),A,Annual,MIO_EUR,Million euro,S13,General government,TOTAL,Total,TE,Total general government expenditure,EE,Estonia,2015,,8248.1,,,,,
dataflow,ESTAT:GOV_10A_EXP(1.0),General government expenditure by function (COFOG),A,Annual,MIO_EUR,Million euro,S13,General government,TOTAL,Total,TE,Total general government expenditure,EE,Estonia,2016,,8632.3,,,,,
dataflow,ESTAT:GOV_10A_EXP(1.0),General government expenditure by function (COFOG),A,Annual,MIO_EUR,Million euro,S13,General government,TOTAL,Total,TE,Total general government expenditure,EE,Estonia,2017,,9448.6,,,,,
dataflow,ESTAT:GOV_10A_EXP(1.0),General government expenditure by function (COFOG),A,Annual,MIO_EUR,Million euro,S13,General government,TOTAL,Total,TE,Total general government expenditure,EE,Estonia,2018,,10263.9,,,,,
dataflow,ESTAT:GOV_10A_EXP(1.0),General government expenditure by function (COFOG),A,Annual,MIO_EUR,Million euro,S13,General government,TOTAL,Total,TE,Total general government expenditure,EE,Estonia,2019,,11138.3,,,,,
dataflow,ESTAT:GOV_10A_EXP(1.0),General government expenditure by function (COFOG),A,Annual,MIO_EUR,Million euro,S13,General government,TOTAL,Total,TE,Total general government expenditure,EE,Estonia,2020,,12463.8,,,,,
dataflow,ESTAT:GOV_10A_EXP(1.0),General government expenditure by function (COFOG),A,Annual,MIO_EUR,Million euro,S13,General government,TOTAL,Total,TE,Total general government expenditure,EE,Estonia,2021,,13240.7,,,,,
dataflow,ESTAT:GOV_10A_EXP(1.0),General government expenditure by function (COFOG),A,Annual,MIO_EUR,Million euro,S13,General government,TOTAL,Total,TE,Total general government expenditure,EE,Estonia,2022,,14533.9,,,,,
dataflow,ESTAT:GOV_10A_EXP(1.0),General government expenditure by function (COFOG),A,Annual,MIO_EUR,Million euro,S13,General government,TOTAL,Total,TE,Total general government expenditure,EE,Estonia,2023,,16524.3,,,,,
dataflow,ESTAT:GOV_10A_EXP(1.0),General government expenditure by function (COFOG),A,Annual,MIO_EUR,Million euro,S13,General government,TOTAL,Total,TE,Total general government expenditure,EL,Greece,2014,,90678.0,,,,,
dataflow,ESTAT:GOV_10A_EXP(1.0),General government expenditure by function (COFOG),A,Annual,MIO_EUR,Million euro,S13,General government,TOTAL,Total,TE,Total general government expenditure,EL,Greece,2015,,96036.0,,,,,
dataflow,ESTAT:GOV_10A_EXP(1.0),General government expenditure by function (COFOG),A,Annual,MIO_EUR,Million euro,S13,General government,TOTAL,Total,TE,Total general government expenditure,EL,Greece,2016,,87744.0,,,,,
dataflow,ESTAT:GOV_10A_EXP(1.0),General government expenditure by function (COFOG),A,Annual,MIO_EUR,Million euro,S13,General government,TOTAL,Total,TE,Total general government expenditure,EL,Greece,2017,,86172.0,,,,,
dataflow,ESTAT:GOV_10A_EXP(1.0),General government expenditure by function (COFOG),A,Annual,MIO_EUR,Million euro,S13,General government,TOTAL,Total,TE,Total general government expenditure,EL,Greece,2018,,87779.0,,,,,
dataflow,ESTAT:GOV_10A_EXP(1.0),General government expenditure by function (COFOG),A,Annual,MIO_EUR,Million euro,S13,General government,TOTAL,Total,TE,Total general government expenditure,EL,Greece,2019,,88280.0,,,,,
dataflow,ESTAT:GOV_10A_EXP(1.0),General government expenditure by function (COFOG),A,Annual,MIO_EUR,Million euro,S13,General government,TOTAL,Total,TE,Total general government expenditure,EL,Greece,2020,,99338.0,,,,,
dataflow,ESTAT:GOV_10A_EXP(1.0),General government expenditure by function (COFOG),A,Annual,MIO_EUR,Million euro,S13,General government,TOTAL,Total,TE,Total general government expenditure,EL,Greece,2021,,104688.0,,,,,
dataflow,ESTAT:GOV_10A_EXP(1.0),General government expenditure by function (COFOG),A,Annual,MIO_EUR,Million euro,S13,General government,TOTAL,Total,TE,Total general government expenditure,EL,Greece,2022,,109903.0,,,,,
dataflow,ESTAT:GOV_10A_EXP(1.0),General government expenditure by function (COFOG),A,Annual,MIO_EUR,Million euro,S13,General government,TOTAL,Total,TE,Total general government expenditure,EL,Greece,2023,,111476.0,,,,,
dataflow,ESTAT:GOV_10A_EXP(1.0),General government expenditure by function (COFOG),A,Annual,MIO_EUR,Million euro,S13,General government,TOTAL,Total,TE,Total general government expenditure,ES,Spain,2014,,467841.0,,,,,
dataflow,ESTAT:GOV_10A_EXP(1.0),General government expenditure by function (COFOG),A,Annual,MIO_EUR,Million euro,S13,General government,TOTAL,Total,TE,Total general government expenditure,ES,Spain,2015,,474893.0,,,,,
dataflow,ESTAT:GOV_10A_EXP(1.0),General government expenditure by function (COFOG),A,Annual,MIO_EUR,Million euro,S13,General government,TOTAL,Total,TE,Total general government expenditure,ES,Spain,2016,,472717.0,,,,,
dataflow,ESTAT:GOV_10A_EXP(1.0),General government expenditure by function (COFOG),A,Annual,MIO_EUR,Million euro,S13,General government,TOTAL,Total,TE,Total general government expenditure,ES,Spain,2017,,479908.0,,,,,
dataflow,ESTAT:GOV_10A_EXP(1.0),General government expenditure by function (COFOG),A,Annual,MIO_EUR,Million euro,S13,General government,TOTAL,Total,TE,Total general government expenditure,ES,Spain,2018,,503193.0,,,,,
dataflow,ESTAT:GOV_10A_EXP(1.0),General government expenditure by function (COFOG),A,Annual,MIO_EUR,Million euro,S13,General government,TOTAL,Total,TE,Total general government expenditure,ES,Spain,2019,,526769.0,,,,,
dataflow,ESTAT:GOV_10A_EXP(1.0),General government expenditure by function (COFOG),A,Annual,MIO_EUR,Million euro,S13,General government,TOTAL,Total,TE,Total general government expenditure,ES,Spain,2020,,580164.0,,,,,
dataflow,ESTAT:GOV_10A_EXP(1.0),General government expenditure by function (COFOG),A,Annual,MIO_EUR,Million euro,S13,General government,TOTAL,Total,TE,Total general government expenditure,ES,Spain,2021,,611124.0,,,,,
dataflow,ESTAT:GOV_10A_EXP(1.0),General government expenditure by function (COFOG),A,Annual,MIO_EUR,Million euro,S13,General government,TOTAL,Total,TE,Total general government expenditure,ES,Spain,2022,,637117.0,,,,,
dataflow,ESTAT:GOV_10A_EXP(1.0),General government expenditure by function (COFOG),A,Annual,MIO_EUR,Million euro,S13,General government,TOTAL,Total,TE,Total general government expenditure,ES,Spain,2023,,680225.0,,,,,
dataflow,ESTAT:GOV_10A_EXP(1.0),General government expenditure by function (COFOG),A,Annual,MIO_EUR,Million euro,S13,General government,TOTAL,Total,TE,Total general government expenditure,EU27_2020,European Union - 27 countries (from 2020),2014,,5845065.2,,,,,
dataflow,ESTAT:GOV_10A_EXP(1.0),General government expenditure by function (COFOG),A,Annual,MIO_EUR,Million euro,S13,General government,TOTAL,Total,TE,Total general government expenditure,EU27_2020,European Union - 27 countries (from 2020),2015,,5943578.2,,,,,
dataflow,ESTAT:GOV_10A_EXP(1.0),General government expenditure by function (COFOG),A,Annual,MIO_EUR,Million euro,S13,General government,TOTAL,Total,TE,Total general government expenditure,EU27_2020,European Union - 27 countries (from 2020),2016,,6006256.7,,,,,
dataflow,ESTAT:GOV_10A_EXP(1.0),General government expenditure by function (COFOG),A,Annual,MIO_EUR,Million euro,S13,General government,TOTAL,Total,TE,Total general government expenditure,EU27_2020,European Union - 27 countries (from 2020),2017,,6185743.8,,,,,
dataflow,ESTAT:GOV_10A_EXP(1.0),General government expenditure by function (COFOG),A,Annual,MIO_EUR,Million euro,S13,General government,TOTAL,Total,TE,Total general government expenditure,EU27_2020,European Union - 27 countries (from 2020),2018,,6361714.8,,,,,
dataflow,ESTAT:GOV_10A_EXP(1.0),General government expenditure by function (COFOG),A,Annual,MIO_EUR,Million euro,S13,General government,TOTAL,Total,TE,Total general government expenditure,EU27_2020,European Union - 27 countries (from 2020),2019,,6583793.2,,,,,
dataflow,ESTAT:GOV_10A_EXP(1.0),General government expenditure by function (COFOG),A,Annual,MIO_EUR,Million euro,S13,General government,TOTAL,Total,TE,Total general government expenditure,EU27_2020,European Union - 27 countries (from 2020),2020,,7186667.2,,,,,
dataflow,ESTAT:GOV_10A_EXP(1.0),General government expenditure by function (COFOG),A,Annual,MIO_EUR,Million euro,S13,General government,TOTAL,Total,TE,Total general government expenditure,EU27_2020,European Union - 27 countries (from 2020),2021,,7568299.0,,,,,
dataflow,ESTAT:GOV_10A_EXP(1.0),General government expenditure by function (COFOG),A,Annual,MIO_EUR,Million euro,S13,General government,TOTAL,Total,TE,Total general government expenditure,EU27_2020,European Union - 27 countries (from 2020),2022,,7948030.4,,,,,
dataflow,ESTAT:GOV_10A_EXP(1.0),General government expenditure by function (COFOG),A,Annual,MIO_EUR,Million euro,S13,General government,TOTAL,Total,TE,Total general government expenditure,EU27_2020,European Union - 27 countries (from 2020),2023,,8441568.3,,,,,
dataflow,ESTAT:GOV_10A_EXP(1.0),General government expenditure by function (COFOG),A,Annual,MIO_EUR,Million euro,S13,General government,TOTAL,Total,TE,Total general government expenditure,FI,Finland,2014,,118624.0,,,,,
dataflow,ESTAT:GOV_10A_EXP(1.0),General government expenditure by function (COFOG),A,Annual,MIO_EUR,Million euro,S13,General government,TOTAL,Total,TE,Total general government expenditure,FI,Finland,2015,,117168.0,,b,break in time series,,
dataflow,ESTAT:GOV_10A_EXP(1.0),General government expenditure by function (COFOG),A,Annual,MIO_EUR,Million euro,S13,General government,TOTAL,Total,TE,Total general government expenditure,FI,Finland,2016,,118868.0,,,,,
dataflow,ESTAT:GOV_10A_EXP(1.0),General government expenditure by function (COFOG),A,Annual,MIO_EUR,Million euro,S13,General government,TOTAL,Total,TE,Total general government expenditure,FI,Finland,2017,,118756.0,,,,,
dataflow,ESTAT:GOV_10A_EXP(1.0),General government expenditure by function (COFOG),A,Annual,MIO_EUR,Million euro,S13,General government,TOTAL,Total,TE,Total general government expenditure,FI,Finland,2018,,122135.0,,,,,
dataflow,ESTAT:GOV_10A_EXP(1.0),General government expenditure by function (COFOG),A,Annual,MIO_EUR,Million euro,S13,General government,TOTAL,Total,TE,Total general government expenditure,FI,Finland,2019,,125459.0,,,,,
dataflow,ESTAT:GOV_10A_EXP(1.0),General government expenditure by function (COFOG),A,Annual,MIO_EUR,Million euro,S13,General government,TOTAL,Total,TE,Total general government expenditure,FI,Finland,2020,,133447.0,,,,,
dataflow,ESTAT:GOV_10A_EXP(1.0),General government expenditure by function (COFOG),A,Annual,MIO_EUR,Million euro,S13,General government,TOTAL,Total,TE,Total general government expenditure,FI,Finland,2021,,137103.0,,,,,
dataflow,ESTAT:GOV_10A_EXP(1.0),General government expenditure by function (COFOG),A,Annual,MIO_EUR,Million euro,S13,General government,TOTAL,Total,TE,Total general government expenditure,FI,Finland,2022,,140085.0,,,,,
dataflow,ESTAT:GOV_10A_EXP(1.0),General government expenditure by function (COFOG),A,Annual,MIO_EUR,Million euro,S13,General government,TOTAL,Total,TE,Total general government expenditure,FI,Finland,2023,,152619.0,,,,,
dataflow,ESTAT:GOV_10A_EXP(1.0),General government expenditure by function (COFOG),A,Annual,MIO_EUR,Million euro,S13,General government,TOTAL,Total,TE,Total general government expenditure,FR,France,2014,,1257649.0,,,,,
dataflow,ESTAT:GOV_10A_EXP(1.0),General government expenditure by function (COFOG),A,Annual,MIO_EUR,Million euro,S13,General government,TOTAL,Total,TE,Total general government expenditure,FR,France,2015,,1268006.2,,,,,
dataflow,ESTAT:GOV_10A_EXP(1.0),General government expenditure by function (COFOG),A,Annual,MIO_EUR,Million euro,S13,General government,TOTAL,Total,TE,Total general government expenditure,FR,France,2016,,1280646.2,,,,,
dataflow,ESTAT:GOV_10A_EXP(1.0),General government expenditure by function (COFOG),A,Annual,MIO_EUR,Million euro,S13,General government,TOTAL,Total,TE,Total general government expenditure,FR,France,2017,,1321445.4,,,,,
dataflow,ESTAT:GOV_10A_EXP(1.0),General government expenditure by function (COFOG),A,Annual,MIO_EUR,Million euro,S13,General government,TOTAL,Total,TE,Total general government expenditure,FR,France,2018,,1327632.6,,,,,
dataflow,ESTAT:GOV_10A_EXP(1.0),General government expenditure by function (COFOG),A,Annual,MIO_EUR,Million euro,S13,General government,TOTAL,Total,TE,Total general government expenditure,FR,France,2019,,1346157.9,,,,,
dataflow,ESTAT:GOV_10A_EXP(1.0),General government expenditure by function (COFOG),A,Annual,MIO_EUR,Million euro,S13,General government,TOTAL,Total,TE,Total general government expenditure,FR,France,2020,,1430358.8,,,,,
dataflow,ESTAT:GOV_10A_EXP(1.0),General government expenditure by function (COFOG),A,Annual,MIO_EUR,Million euro,S13,General government,TOTAL,Total,TE,Total general government expenditure,FR,France,2021,,1491381.7,,,,,
dataflow,ESTAT:GOV_10A_EXP(1.0),General government expenditure by function (COFOG),A,Annual,MIO_EUR,Million euro,S13,General government,TOTAL,Total,TE,Total general government expenditure,FR,France,2022,,1550331.6,,,,,
dataflow,ESTAT:GOV_10A_EXP(1.0),General government expenditure by function (COFOG),A,Annual,MIO_EUR,Million euro,S13,General government,TOTAL,Total,TE,Total general government expenditure,FR,France,2023,,1607392.5,,p,provisional,,
dataflow,ESTAT:GOV_10A_EXP(1.0),General government expenditure by function (COFOG),A,Annual,MIO_EUR,Million euro,S13,General government,TOTAL,Total,TE,Total general government expenditure,HR,Croatia,2014,,21586.3,,,,,
dataflow,ESTAT:GOV_10A_EXP(1.0),General government expenditure by function (COFOG),A,Annual,MIO_EUR,Million euro,S13,General government,TOTAL,Total,TE,Total general government expenditure,HR,Croatia,2015,,21656.1,,,,,
dataflow,ESTAT:GOV_10A_EXP(1.0),General government expenditure by function (COFOG),A,Annual,MIO_EUR,Million euro,S13,General government,TOTAL,Total,TE,Total general government expenditure,HR,Croatia,2016,,21843.5,,,,,
dataflow,ESTAT:GOV_10A_EXP(1.0),General government expenditure by function (COFOG),A,Annual,MIO_EUR,Million euro,S13,General government,TOTAL,Total,TE,Total general government expenditure,HR,Croatia,2017,,22245.0,,,,,
dataflow,ESTAT:GOV_10A_EXP(1.0),General government expenditure by function (COFOG),A,Annual,MIO_EUR,Million euro,S13,General government,TOTAL,Total,TE,Total general government expenditure,HR,Croatia,2018,,23953.2,,,,,
dataflow,ESTAT:GOV_10A_EXP(1.0),General government expenditure by function (COFOG),A,Annual,MIO_EUR,Million euro,S13,General government,TOTAL,Total,TE,Total general government expenditure,HR,Croatia,2019,,25853.8,,,,,
dataflow,ESTAT:GOV_10A_EXP(1.0),General government expenditure by function (COFOG),A,Annual,MIO_EUR,Million euro,S13,General government,TOTAL,Total,TE,Total general government expenditure,HR,Croatia,2020,,27263.7,,,,,
dataflow,ESTAT:GOV_10A_EXP(1.0),General government expenditure by function (COFOG),A,Annual,MIO_EUR,Million euro,S13,General government,TOTAL,Total,TE,Total general government expenditure,HR,Croatia,2021,,28137.9,,,,,
dataflow,ESTAT:GOV_10A_EXP(1.0),General government expenditure by function (COFOG),A,Annual,MIO_EUR,Million euro,S13,General government,TOTAL,Total,TE,Total general government expenditure,HR,Croatia,2022,,30433.2,,,,,
dataflow,ESTAT:GOV_10A_EXP(1.0),General government expenditure by function (COFOG),A,Annual,MIO_EUR,Million euro,S13,General government,TOTAL,Total,TE,Total general government expenditure,HR,Croatia,2023,,36648.6,,,,,
dataflow,ESTAT:GOV_10A_EXP(1.0),General government expenditure by function (COFOG),A,Annual,MIO_EUR,Million euro,S13,General government,TOTAL,Total,TE,Total general government expenditure,HU,Hungary,2014,,53184.4,,,,,
dataflow,ESTAT:GOV_10A_EXP(1.0),General government expenditure by function (COFOG),A,Annual,MIO_EUR,Million euro,S13,General government,TOTAL,Total,TE,Total general government expenditure,HU,Hungary,2015,,56826.3,,,,,
dataflow,ESTAT:GOV_10A_EXP(1.0),General government expenditure by function (COFOG),A,Annual,MIO_EUR,Million euro,S13,General government,TOTAL,Total,TE,Total general government expenditure,HU,Hungary,2016,,54406.3,,,,,
dataflow,ESTAT:GOV_10A_EXP(1.0),General government expenditure by function (COFOG),A,Annual,MIO_EUR,Million euro,S13,General government,TOTAL,Total,TE,Total general government expenditure,HU,Hungary,2017,,59345.8,,,,,
dataflow,ESTAT:GOV_10A_EXP(1.0),General government expenditure by function (COFOG),A,Annual,MIO_EUR,Million euro,S13,General government,TOTAL,Total,TE,Total general government expenditure,HU,Hungary,2018,,62721.0,,,,,
dataflow,ESTAT:GOV_10A_EXP(1.0),General government expenditure by function (COFOG),A,Annual,MIO_EUR,Million euro,S13,General government,TOTAL,Total,TE,Total general government expenditure,HU,Hungary,2019,,67565.4,,,,,
dataflow,ESTAT:GOV_10A_EXP(1.0),General government expenditure by function (COFOG),A,Annual,MIO_EUR,Million euro,S13,General government,TOTAL,Total,TE,Total general government expenditure,HU,Hungary,2020,,70910.0,,,,,
dataflow,ESTAT:GOV_10A_EXP(1.0),General government expenditure by function (COFOG),A,Annual,MIO_EUR,Million euro,S13,General government,TOTAL,Total,TE,Total general government expenditure,HU,Hungary,2021,,74521.7,,,,,
dataflow,ESTAT:GOV_10A_EXP(1.0),General government expenditure by function (COFOG),A,Annual,MIO_EUR,Million euro,S13,General government,TOTAL,Total,TE,Total general government expenditure,HU,Hungary,2022,,82633.0,,,,,
dataflow,ESTAT:GOV_10A_EXP(1.0),General government expenditure by function (COFOG),A,Annual,MIO_EUR,Million euro,S13,General government,TOTAL,Total,TE,Total general government expenditure,HU,Hungary,2023,,97547.2,,,,,
dataflow,ESTAT:GOV_10A_EXP(1.0),General government expenditure by function (COFOG),A,Annual,MIO_EUR,Million euro,S13,General government,TOTAL,Total,TE,Total general government expenditure,IE,Ireland,2014,,73321.9,,,,,
dataflow,ESTAT:GOV_10A_EXP(1.0),General government expenditure by function (COFOG),A,Annual,MIO_EUR,Million euro,S13,General government,TOTAL,Total,TE,Total general government expenditure,IE,Ireland,2015,,76430.0,,,,,
dataflow,ESTAT:GOV_10A_EXP(1.0),General government expenditure by function (COFOG),A,Annual,MIO_EUR,Million euro,S13,General government,TOTAL,Total,TE,Total general government expenditure,IE,Ireland,2016,,75924.1,,,,,
dataflow,ESTAT:GOV_10A_EXP(1.0),General government expenditure by function (COFOG),A,Annual,MIO_EUR,Million euro,S13,General government,TOTAL,Total,TE,Total general government expenditure,IE,Ireland,2017,,77952.4,,,,,
dataflow,ESTAT:GOV_10A_EXP(1.0),General government expenditure by function (COFOG),A,Annual,MIO_EUR,Million euro,S13,General government,TOTAL,Total,TE,Total general government expenditure,IE,Ireland,2018,,82935.6,,,,,
dataflow,ESTAT:GOV_10A_EXP(1.0),General government expenditure by function (COFOG),A,Annual,MIO_EUR,Million euro,S13,General government,TOTAL,Total,TE,Total general government expenditure,IE,Ireland,2019,,86821.3,,,,,
dataflow,ESTAT:GOV_10A_EXP(1.0),General government expenditure by function (COFOG),A,Annual,MIO_EUR,Million euro,S13,General government,TOTAL,Total,TE,Total general government expenditure,IE,Ireland,2020,,101932.0,,,,,
dataflow,ESTAT:GOV_10A_EXP(1.0),General government expenditure by function (COFOG),A,Annual,MIO_EUR,Million euro,S13,General government,TOTAL,Total,TE,Total general government expenditure,IE,Ireland,2021,,105530.8,,,,,
dataflow,ESTAT:GOV_10A_EXP(1.0),General government expenditure by function (COFOG),A,Annual,MIO_EUR,Million euro,S13,General government,TOTAL,Total,TE,Total general government expenditure,IE,Ireland,2022,,107664.9,,,,,
dataflow,ESTAT:GOV_10A_EXP(1.0),General government expenditure by function (COFOG),A,Annual,MIO_EUR,Million euro,S13,General government,TOTAL,Total,TE,Total general government expenditure,IE,Ireland,2023,,116620.0,,,,,
dataflow,ESTAT:GOV_10A_EXP(1.0),General government expenditure by function (COFOG),A,Annual,MIO_EUR,Million euro,S13,General government,TOTAL,Total,TE,Total general government expenditure,IS,Iceland,2014,,6172.0,,,,,
dataflow,ESTAT:GOV_10A_EXP(1.0),General government expenditure by function (COFOG),A,Annual,MIO_EUR,Million euro,S13,General government,TOTAL,Total,TE,Total general government expenditure,IS,Iceland,2015,,6869.5,,,,,
dataflow,ESTAT:GOV_10A_EXP(1.0),General government expenditure by function (COFOG),A,Annual,MIO_EUR,Million euro,S13,General government,TOTAL,Total,TE,Total general government expenditure,IS,Iceland,2016,,8741.8,,,,,
dataflow,ESTAT:GOV_10A_EXP(1.0),General government expenditure by function (COFOG),A,Annual,MIO_EUR,Million euro,S13,General government,TOTAL,Total,TE,Total general government expenditure,IS,Iceland,2017,,9731.4,,,,,
dataflow,ESTAT:GOV_10A_EXP(1.0),General government expenditure by function (COFOG),A,Annual,MIO_EUR,Million euro,S13,General government,TOTAL,Total,TE,Total general government expenditure,IS,Iceland,2018,,9795.1,,,,,
dataflow,ESTAT:GOV_10A_EXP(1.0),General government expenditure by function (COFOG),A,Annual,MIO_EUR,Million euro,S13,General government,TOTAL,Total,TE,Total general government expenditure,IS,Iceland,2019,,9597.6,,,,,
dataflow,ESTAT:GOV_10A_EXP(1.0),General government expenditure by function (COFOG),A,Annual,MIO_EUR,Million euro,S13,General government,TOTAL,Total,TE,Total general government expenditure,IS,Iceland,2020,,9732.4,,,,,
dataflow,ESTAT:GOV_10A_EXP(1.0),General government expenditure by function (COFOG),A,Annual,MIO_EUR,Million euro,S13,General government,TOTAL,Total,TE,Total general government expenditure,IS,Iceland,2021,,10795.6,,,,,
dataflow,ESTAT:GOV_10A_EXP(1.0),General government expenditure by function (COFOG),A,Annual,MIO_EUR,Million euro,S13,General government,TOTAL,Total,TE,Total general government expenditure,IS,Iceland,2022,,12807.3,,,,,
dataflow,ESTAT:GOV_10A_EXP(1.0),General government expenditure by function (COFOG),A,Annual,MIO_EUR,Million euro,S13,General government,TOTAL,Total,TE,Total general government expenditure,IS,Iceland,2023,,13251.4,,,,,
dataflow,ESTAT:GOV_10A_EXP(1.0),General government expenditure by function (COFOG),A,Annual,MIO_EUR,Million euro,S13,General government,TOTAL,Total,TE,Total general government expenditure,IT,Italy,2014,,829632.0,,,,,
dataflow,ESTAT:GOV_10A_EXP(1.0),General government expenditure by function (COFOG),A,Annual,MIO_EUR,Million euro,S13,General government,TOTAL,Total,TE,Total general government expenditure,IT,Italy,2015,,835694.0,,,,,
dataflow,ESTAT:GOV_10A_EXP(1.0),General government expenditure by function (COFOG),A,Annual,MIO_EUR,Million euro,S13,General government,TOTAL,Total,TE,Total general government expenditure,IT,Italy,2016,,835037.0,,,,,
dataflow,ESTAT:GOV_10A_EXP(1.0),General government expenditure by function (COFOG),A,Annual,MIO_EUR,Million euro,S13,General government,TOTAL,Total,TE,Total general government expenditure,IT,Italy,2017,,851015.0,,,,,
dataflow,ESTAT:GOV_10A_EXP(1.0),General government expenditure by function (COFOG),A,Annual,MIO_EUR,Million euro,S13,General government,TOTAL,Total,TE,Total general government expenditure,IT,Italy,2018,,859018.0,,,,,
dataflow,ESTAT:GOV_10A_EXP(1.0),General government expenditure by function (COFOG),A,Annual,MIO_EUR,Million euro,S13,General government,TOTAL,Total,TE,Total general government expenditure,IT,Italy,2019,,873598.0,,,,,
dataflow,ESTAT:GOV_10A_EXP(1.0),General government expenditure by function (COFOG),A,Annual,MIO_EUR,Million euro,S13,General government,TOTAL,Total,TE,Total general government expenditure,IT,Italy,2020,,948296.0,,,,,
dataflow,ESTAT:GOV_10A_EXP(1.0),General government expenditure by function (COFOG),A,Annual,MIO_EUR,Million euro,S13,General government,TOTAL,Total,TE,Total general government expenditure,IT,Italy,2021,,1032529.0,,,,,
dataflow,ESTAT:GOV_10A_EXP(1.0),General government expenditure by function (COFOG),A,Annual,MIO_EUR,Million euro,S13,General government,TOTAL,Total,TE,Total general government expenditure,IT,Italy,2022,,1097627.0,,,,,
dataflow,ESTAT:GOV_10A_EXP(1.0),General government expenditure by function (COFOG),A,Annual,MIO_EUR,Million euro,S13,General government,TOTAL,Total,TE,Total general government expenditure,IT,Italy,2023,,1149206.0,,,,,
dataflow,ESTAT:GOV_10A_EXP(1.0),General government expenditure by function (COFOG),A,Annual,MIO_EUR,Million euro,S13,General government,TOTAL,Total,TE,Total general government expenditure,LT,Lithuania,2014,,12745.9,,,,,
dataflow,ESTAT:GOV_10A_EXP(1.0),General government expenditure by function (COFOG),A,Annual,MIO_EUR,Million euro,S13,General government,TOTAL,Total,TE,Total general government expenditure,LT,Lithuania,2015,,13179.3,,,,,
dataflow,ESTAT:GOV_10A_EXP(1.0),General government expenditure by function (COFOG),A,Annual,MIO_EUR,Million euro,S13,General government,TOTAL,Total,TE,Total general government expenditure,LT,Lithuania,2016,,13380.2,,,,,
dataflow,ESTAT:GOV_10A_EXP(1.0),General government expenditure by function (COFOG),A,Annual,MIO_EUR,Million euro,S13,General government,TOTAL,Total,TE,Total general government expenditure,LT,Lithuania,2017,,14106.8,,,,,
dataflow,ESTAT:GOV_10A_EXP(1.0),General government expenditure by function (COFOG),A,Annual,MIO_EUR,Million euro,S13,General government,TOTAL,Total,TE,Total general government expenditure,LT,Lithuania,2018,,15525.4,,,,,
dataflow,ESTAT:GOV_10A_EXP(1.0),General government expenditure by function (COFOG),A,Annual,MIO_EUR,Million euro,S13,General government,TOTAL,Total,TE,Total general government expenditure,LT,Lithuania,2019,,17057.8,,,,,
dataflow,ESTAT:GOV_10A_EXP(1.0),General government expenditure by function (COFOG),A,Annual,MIO_EUR,Million euro,S13,General government,TOTAL,Total,TE,Total general government expenditure,LT,Lithuania,2020,,21285.4,,,,,
dataflow,ESTAT:GOV_10A_EXP(1.0),General government expenditure by function (COFOG),A,Annual,MIO_EUR,Million euro,S13,General government,TOTAL,Total,TE,Total general government expenditure,LT,Lithuania,2021,,21176.3,,,,,
dataflow,ESTAT:GOV_10A_EXP(1.0),General government expenditure by function (COFOG),A,Annual,MIO_EUR,Million euro,S13,General government,TOTAL,Total,TE,Total general government expenditure,LT,Lithuania,2022,,24517.0,,,,,
dataflow,ESTAT:GOV_10A_EXP(1.0),General government expenditure by function (COFOG),A,Annual,MIO_EUR,Million euro,S13,General government,TOTAL,Total,TE,Total general government expenditure,LT,Lithuania,2023,,27640.6,,,,,
dataflow,ESTAT:GOV_10A_EXP(1.0),General government expenditure by function (COFOG),A,Annual,MIO_EUR,Million euro,S13,General government,TOTAL,Total,TE,Total general government expenditure,LU,Luxembourg,2014,,21030.5,,,,,
dataflow,ESTAT:GOV_10A_EXP(1.0),General government expenditure by function (COFOG),A,Annual,MIO_EUR,Million euro,S13,General government,TOTAL,Total,TE,Total general government expenditure,LU,Luxembourg,2015,,21861.4,,,,,
dataflow,ESTAT:GOV_10A_EXP(1.0),General government expenditure by function (COFOG),A,Annual,MIO_EUR,Million euro,S13,General government,TOTAL,Total,TE,Total general government expenditure,LU,Luxembourg,2016,,22509.6,,,,,
dataflow,ESTAT:GOV_10A_EXP(1.0),General government expenditure by function (COFOG),A,Annual,MIO_EUR,Million euro,S13,General government,TOTAL,Total,TE,Total general government expenditure,LU,Luxembourg,2017,,24010.6,,,,,
dataflow,ESTAT:GOV_10A_EXP(1.0),General government expenditure by function (COFOG),A,Annual,MIO_EUR,Million euro,S13,General government,TOTAL,Total,TE,Total general government expenditure,LU,Luxembourg,2018,,25472.5,,,,,
dataflow,ESTAT:GOV_10A_EXP(1.0),General government expenditure by function (COFOG),A,Annual,MIO_EUR,Million euro,S13,General government,TOTAL,Total,TE,Total general government expenditure,LU,Luxembourg,2019,,26883.3,,,,,
dataflow,ESTAT:GOV_10A_EXP(1.0),General government expenditure by function (COFOG),A,Annual,MIO_EUR,Million euro,S13,General government,TOTAL,Total,TE,Total general government expenditure,LU,Luxembourg,2020,,30340.5,,,,,
dataflow,ESTAT:GOV_10A_EXP(1.0),General government expenditure by function (COFOG),A,Annual,MIO_EUR,Million euro,S13,General government,TOTAL,Total,TE,Total general government expenditure,LU,Luxembourg,2021,,30966.0,,,,,
dataflow,ESTAT:GOV_10A_EXP(1.0),General government expenditure by function (COFOG),A,Annual,MIO_EUR,Million euro,S13,General government,TOTAL,Total,TE,Total general government expenditure,LU,Luxembourg,2022,,33991.4,,,,,
dataflow,ESTAT:GOV_10A_EXP(1.0),General government expenditure by function (COFOG),A,Annual,MIO_EUR,Million euro,S13,General government,TOTAL,Total,TE,Total general government expenditure,LU,Luxembourg,2023,,38092.8,,,,,
dataflow,ESTAT:GOV_10A_EXP(1.0),General government expenditure by function (COFOG),A,Annual,MIO_EUR,Million euro,S13,General government,TOTAL,Total,TE,Total general government expenditure,LV,Latvia,2014,,9196.3,,,,,
dataflow,ESTAT:GOV_10A_EXP(1.0),General government expenditure by function (COFOG),A,Annual,MIO_EUR,Million euro,S13,General government,TOTAL,Total,TE,Total general government expenditure,LV,Latvia,2015,,9493.8,,,,,
dataflow,ESTAT:GOV_10A_EXP(1.0),General government expenditure by function (COFOG),A,Annual,MIO_EUR,Million euro,S13,General government,TOTAL,Total,TE,Total general government expenditure,LV,Latvia,2016,,9515.2,,,,,
dataflow,ESTAT:GOV_10A_EXP(1.0),General government expenditure by function (COFOG),A,Annual,MIO_EUR,Million euro,S13,General government,TOTAL,Total,TE,Total general government expenditure,LV,Latvia,2017,,10292.9,,,,,
dataflow,ESTAT:GOV_10A_EXP(1.0),General government expenditure by function (COFOG),A,Annual,MIO_EUR,Million euro,S13,General government,TOTAL,Total,TE,Total general government expenditure,LV,Latvia,2018,,11457.4,,,,,
dataflow,ESTAT:GOV_10A_EXP(1.0),General government expenditure by function (COFOG),A,Annual,MIO_EUR,Million euro,S13,General government,TOTAL,Total,TE,Total general government expenditure,LV,Latvia,2019,,11724.7,,,,,
dataflow,ESTAT:GOV_10A_EXP(1.0),General government expenditure by function (COFOG),A,Annual,MIO_EUR,Million euro,S13,General government,TOTAL,Total,TE,Total general government expenditure,LV,Latvia,2020,,12933.7,,,,,
dataflow,ESTAT:GOV_10A_EXP(1.0),General government expenditure by function (COFOG),A,Annual,MIO_EUR,Million euro,S13,General government,TOTAL,Total,TE,Total general government expenditure,LV,Latvia,2021,,15021.7,,,,,
dataflow,ESTAT:GOV_10A_EXP(1.0),General government expenditure by function (COFOG),A,Annual,MIO_EUR,Million euro,S13,General government,TOTAL,Total,TE,Total general government expenditure,LV,Latvia,2022,,15964.7,,,,,
dataflow,ESTAT:GOV_10A_EXP(1.0),General government expenditure by function (COFOG),A,Annual,MIO_EUR,Million euro,S13,General government,TOTAL,Total,TE,Total general government expenditure,LV,Latvia,2023,,17190.1,,,,,
dataflow,ESTAT:GOV_10A_EXP(1.0),General government expenditure by function (COFOG),A,Annual,MIO_EUR,Million euro,S13,General government,TOTAL,Total,TE,Total general government expenditure,MT,Malta,2014,,3541.2,,,,,
dataflow,ESTAT:GOV_10A_EXP(1.0),General government expenditure by function (COFOG),A,Annual,MIO_EUR,Million euro,S13,General government,TOTAL,Total,TE,Total general government expenditure,MT,Malta,2015,,3868.5,,,,,
dataflow,ESTAT:GOV_10A_EXP(1.0),General government expenditure by function (COFOG),A,Annual,MIO_EUR,Million euro,S13,General government,TOTAL,Total,TE,Total general government expenditure,MT,Malta,2016,,3852.1,,,,,
dataflow,ESTAT:GOV_10A_EXP(1.0),General government expenditure by function (COFOG),A,Annual,MIO_EUR,Million euro,S13,General government,TOTAL,Total,TE,Total general government expenditure,MT,Malta,2017,,4099.9,,,,,
dataflow,ESTAT:GOV_10A_EXP(1.0),General government expenditure by function (COFOG),A,Annual,MIO_EUR,Million euro,S13,General government,TOTAL,Total,TE,Total general government expenditure,MT,Malta,2018,,4716.1,,,,,
dataflow,ESTAT:GOV_10A_EXP(1.0),General government expenditure by function (COFOG),A,Annual,MIO_EUR,Million euro,S13,General government,TOTAL,Total,TE,Total general government expenditure,MT,Malta,2019,,5090.9,,,,,
dataflow,ESTAT:GOV_10A_EXP(1.0),General government expenditure by function (COFOG),A,Annual,MIO_EUR,Million euro,S13,General government,TOTAL,Total,TE,Total general government expenditure,MT,Malta,2020,,6043.9,,,,,
dataflow,ESTAT:GOV_10A_EXP(1.0),General government expenditure by function (COFOG),A,Annual,MIO_EUR,Million euro,S13,General government,TOTAL,Total,TE,Total general government expenditure,MT,Malta,2021,,6582.0,,,,,
dataflow,ESTAT:GOV_10A_EXP(1.0),General government expenditure by function (COFOG),A,Annual,MIO_EUR,Million euro,S13,General government,TOTAL,Total,TE,Total general government expenditure,MT,Malta,2022,,6895.3,,,,,
dataflow,ESTAT:GOV_10A_EXP(1.0),General government expenditure by function (COFOG),A,Annual,MIO_EUR,Million euro,S13,General government,TOTAL,Total,TE,Total general government expenditure,MT,Malta,2023,,7486.3,,,,,
dataflow,ESTAT:GOV_10A_EXP(1.0),General government expenditure by function (COFOG),A,Annual,MIO_EUR,Million euro,S13,General government,TOTAL,Total,TE,Total general government expenditure,NL,Netherlands,2014,,317186.0,,,,,
dataflow,ESTAT:GOV_10A_EXP(1.0),General government expenditure by function (COFOG),A,Annual,MIO_EUR,Million euro,S13,General government,TOTAL,Total,TE,Total general government expenditure,NL,Netherlands,2015,,316389.0,,,,,
dataflow,ESTAT:GOV_10A_EXP(1.0),General government expenditure by function (COFOG),A,Annual,MIO_EUR,Million euro,S13,General government,TOTAL,Total,TE,Total general government expenditure,NL,Netherlands,2016,,316279.0,,,,,
dataflow,ESTAT:GOV_10A_EXP(1.0),General government expenditure by function (COFOG),A,Annual,MIO_EUR,Million euro,S13,General government,TOTAL,Total,TE,Total general government expenditure,NL,Netherlands,2017,,321059.0,,,,,
dataflow,ESTAT:GOV_10A_EXP(1.0),General government expenditure by function (COFOG),A,Annual,MIO_EUR,Million euro,S13,General government,TOTAL,Total,TE,Total general government expenditure,NL,Netherlands,2018,,334143.0,,,,,
dataflow,ESTAT:GOV_10A_EXP(1.0),General government expenditure by function (COFOG),A,Annual,MIO_EUR,Million euro,S13,General government,TOTAL,Total,TE,Total general government expenditure,NL,Netherlands,2019,,349318.0,,,,,
dataflow,ESTAT:GOV_10A_EXP(1.0),General government expenditure by function (COFOG),A,Annual,MIO_EUR,Million euro,S13,General government,TOTAL,Total,TE,Total general government expenditure,NL,Netherlands,2020,,390377.0,,,,,
dataflow,ESTAT:GOV_10A_EXP(1.0),General government expenditure by function (COFOG),A,Annual,MIO_EUR,Million euro,S13,General government,TOTAL,Total,TE,Total general government expenditure,NL,Netherlands,2021,,409171.0,,,,,
dataflow,ESTAT:GOV_10A_EXP(1.0),General government expenditure by function (COFOG),A,Annual,MIO_EUR,Million euro,S13,General government,TOTAL,Total,TE,Total general government expenditure,NL,Netherlands,2022,,429984.0,,,,,
dataflow,ESTAT:GOV_10A_EXP(1.0),General government expenditure by function (COFOG),A,Annual,MIO_EUR,Million euro,S13,General government,TOTAL,Total,TE,Total general government expenditure,NL,Netherlands,2023,,462064.0,,,,,
dataflow,ESTAT:GOV_10A_EXP(1.0),General government expenditure by function (COFOG),A,Annual,MIO_EUR,Million euro,S13,General government,TOTAL,Total,TE,Total general government expenditure,NO,Norway,2014,,173765.2,,,,,
dataflow,ESTAT:GOV_10A_EXP(1.0),General government expenditure by function (COFOG),A,Annual,MIO_EUR,Million euro,S13,General government,TOTAL,Total,TE,Total general government expenditure,NO,Norway,2015,,171087.9,,,,,
dataflow,ESTAT:GOV_10A_EXP(1.0),General government expenditure by function (COFOG),A,Annual,MIO_EUR,Million euro,S13,General government,TOTAL,Total,TE,Total general government expenditure,NO,Norway,2016,,171642.7,,,,,
dataflow,ESTAT:GOV_10A_EXP(1.0),General government expenditure by function (COFOG),A,Annual,MIO_EUR,Million euro,S13,General government,TOTAL,Total,TE,Total general government expenditure,NO,Norway,2017,,178119.0,,,,,
dataflow,ESTAT:GOV_10A_EXP(1.0),General government expenditure by function (COFOG),A,Annual,MIO_EUR,Million euro,S13,General government,TOTAL,Total,TE,Total general government expenditure,NO,Norway,2018,,180862.4,,,,,
dataflow,ESTAT:GOV_10A_EXP(1.0),General government expenditure by function (COFOG),A,Annual,MIO_EUR,Million euro,S13,General government,TOTAL,Total,TE,Total general government expenditure,NO,Norway,2019,,186198.1,,,,,
dataflow,ESTAT:GOV_10A_EXP(1.0),General government expenditure by function (COFOG),A,Annual,MIO_EUR,Million euro,S13,General government,TOTAL,Total,TE,Total general government expenditure,NO,Norway,2020,,186620.6,,,,,
dataflow,ESTAT:GOV_10A_EXP(1.0),General government expenditure by function (COFOG),A,Annual,MIO_EUR,Million euro,S13,General government,TOTAL,Total,TE,Total general government expenditure,NO,Norway,2021,,200389.6,,,,,
dataflow,ESTAT:GOV_10A_EXP(1.0),General government expenditure by function (COFOG),A,Annual,MIO_EUR,Million euro,S13,General government,TOTAL,Total,TE,Total general government expenditure,NO,Norway,2022,,217086.8,,,,,
dataflow,ESTAT:GOV_10A_EXP(1.0),General government expenditure by function (COFOG),A,Annual,MIO_EUR,Million euro,S13,General government,TOTAL,Total,TE,Total general government expenditure,NO,Norway,2023,,208877.9,,,,,
dataflow,ESTAT:GOV_10A_EXP(1.0),General government expenditure by function (COFOG),A,Annual,MIO_EUR,Million euro,S13,General government,TOTAL,Total,TE,Total general government expenditure,PL,Poland,2014,,174450.2,,,,,
dataflow,ESTAT:GOV_10A_EXP(1.0),General government expenditure by function (COFOG),A,Annual,MIO_EUR,Million euro,S13,General government,TOTAL,Total,TE,Total general government expenditure,PL,Poland,2015,,179464.9,,,,,
dataflow,ESTAT:GOV_10A_EXP(1.0),General government expenditure by function (COFOG),A,Annual,MIO_EUR,Million euro,S13,General government,TOTAL,Total,TE,Total general government expenditure,PL,Poland,2016,,175563.7,,,,,
dataflow,ESTAT:GOV_10A_EXP(1.0),General government expenditure by function (COFOG),A,Annual,MIO_EUR,Million euro,S13,General government,TOTAL,Total,TE,Total general government expenditure,PL,Poland,2017,,192932.7,,,,,
dataflow,ESTAT:GOV_10A_EXP(1.0),General government expenditure by function (COFOG),A,Annual,MIO_EUR,Million euro,S13,General government,TOTAL,Total,TE,Total general government expenditure,PL,Poland,2018,,206823.7,,,,,
dataflow,ESTAT:GOV_10A_EXP(1.0),General government expenditure by function (COFOG),A,Annual,MIO_EUR,Million euro,S13,General government,TOTAL,Total,TE,Total general government expenditure,PL,Poland,2019,,223028.5,,,,,
dataflow,ESTAT:GOV_10A_EXP(1.0),General government expenditure by function (COFOG),A,Annual,MIO_EUR,Million euro,S13,General government,TOTAL,Total,TE,Total general government expenditure,PL,Poland,2020,,253868.1,,,,,
dataflow,ESTAT:GOV_10A_EXP(1.0),General government expenditure by function (COFOG),A,Annual,MIO_EUR,Million euro,S13,General government,TOTAL,Total,TE,Total general government expenditure,PL,Poland,2021,,254001.9,,,,,
dataflow,ESTAT:GOV_10A_EXP(1.0),General government expenditure by function (COFOG),A,Annual,MIO_EUR,Million euro,S13,General government,TOTAL,Total,TE,Total general government expenditure,PL,Poland,2022,,286177.2,,,,,
dataflow,ESTAT:GOV_10A_EXP(1.0),General government expenditure by function (COFOG),A,Annual,MIO_EUR,Million euro,S13,General government,TOTAL,Total,TE,Total general government expenditure,PL,Poland,2023,,352348.0,,,,,
dataflow,ESTAT:GOV_10A_EXP(1.0),General government expenditure by function (COFOG),A,Annual,MIO_EUR,Million euro,S13,General government,TOTAL,Total,TE,Total general government expenditure,PT,Portugal,2014,,89548.6,,,,,
dataflow,ESTAT:GOV_10A_EXP(1.0),General government expenditure by function (COFOG),A,Annual,MIO_EUR,Million euro,S13,General government,TOTAL,Total,TE,Total general government expenditure,PT,Portugal,2015,,86677.4,,,,,
dataflow,ESTAT:GOV_10A_EXP(1.0),General government expenditure by function (COFOG),A,Annual,MIO_EUR,Million euro,S13,General government,TOTAL,Total,TE,Total general government expenditure,PT,Portugal,2016,,83621.0,,,,,
dataflow,ESTAT:GOV_10A_EXP(1.0),General government expenditure by function (COFOG),A,Annual,MIO_EUR,Million euro,S13,General government,TOTAL,Total,TE,Total general government expenditure,PT,Portugal,2017,,88929.0,,,,,
dataflow,ESTAT:GOV_10A_EXP(1.0),General government expenditure by function (COFOG),A,Annual,MIO_EUR,Million euro,S13,General government,TOTAL,Total,TE,Total general government expenditure,PT,Portugal,2018,,88725.9,,,,,
dataflow,ESTAT:GOV_10A_EXP(1.0),General government expenditure by function (COFOG),A,Annual,MIO_EUR,Million euro,S13,General government,TOTAL,Total,TE,Total general government expenditure,PT,Portugal,2019,,91117.2,,,,,
dataflow,ESTAT:GOV_10A_EXP(1.0),General government expenditure by function (COFOG),A,Annual,MIO_EUR,Million euro,S13,General government,TOTAL,Total,TE,Total general government expenditure,PT,Portugal,2020,,98753.5,,,,,
dataflow,ESTAT:GOV_10A_EXP(1.0),General government expenditure by function (COFOG),A,Annual,MIO_EUR,Million euro,S13,General government,TOTAL,Total,TE,Total general government expenditure,PT,Portugal,2021,,102495.1,,,,,
dataflow,ESTAT:GOV_10A_EXP(1.0),General government expenditure by function (COFOG),A,Annual,MIO_EUR,Million euro,S13,General government,TOTAL,Total,TE,Total general government expenditure,PT,Portugal,2022,,107033.6,,,,,
dataflow,ESTAT:GOV_10A_EXP(1.0),General government expenditure by function (COFOG),A,Annual,MIO_EUR,Million euro,S13,General government,TOTAL,Total,TE,Total general government expenditure,PT,Portugal,2023,,113640.9,,,,,
dataflow,ESTAT:GOV_10A_EXP(1.0),General government expenditure by function (COFOG),A,Annual,MIO_EUR,Million euro,S13,General government,TOTAL,Total,TE,Total general government expenditure,RO,Romania,2014,,53557.7,,,,,
dataflow,ESTAT:GOV_10A_EXP(1.0),General government expenditure by function (COFOG),A,Annual,MIO_EUR,Million euro,S13,General government,TOTAL,Total,TE,Total general government expenditure,RO,Romania,2015,,57514.7,,,,,
dataflow,ESTAT:GOV_10A_EXP(1.0),General government expenditure by function (COFOG),A,Annual,MIO_EUR,Million euro,S13,General government,TOTAL,Total,TE,Total general government expenditure,RO,Romania,2016,,58270.4,,,,,
dataflow,ESTAT:GOV_10A_EXP(1.0),General government expenditure by function (COFOG),A,Annual,MIO_EUR,Million euro,S13,General government,TOTAL,Total,TE,Total general government expenditure,RO,Romania,2017,,62556.3,,,,,
dataflow,ESTAT:GOV_10A_EXP(1.0),General government expenditure by function (COFOG),A,Annual,MIO_EUR,Million euro,S13,General government,TOTAL,Total,TE,Total general government expenditure,RO,Romania,2018,,70785.2,,,,,
dataflow,ESTAT:GOV_10A_EXP(1.0),General government expenditure by function (COFOG),A,Annual,MIO_EUR,Million euro,S13,General government,TOTAL,Total,TE,Total general government expenditure,RO,Romania,2019,,81057.9,,,,,
dataflow,ESTAT:GOV_10A_EXP(1.0),General government expenditure by function (COFOG),A,Annual,MIO_EUR,Million euro,S13,General government,TOTAL,Total,TE,Total general government expenditure,RO,Romania,2020,,91684.5,,,,,
dataflow,ESTAT:GOV_10A_EXP(1.0),General government expenditure by function (COFOG),A,Annual,MIO_EUR,Million euro,S13,General government,TOTAL,Total,TE,Total general government expenditure,RO,Romania,2021,,96318.5,,,,,
dataflow,ESTAT:GOV_10A_EXP(1.0),General government expenditure by function (COFOG),A,Annual,MIO_EUR,Million euro,S13,General government,TOTAL,Total,TE,Total general government expenditure,RO,Romania,2022,,114894.3,,,,,
dataflow,ESTAT:GOV_10A_EXP(1.0),General government expenditure by function (COFOG),A,Annual,MIO_EUR,Million euro,S13,General government,TOTAL,Total,TE,Total general government expenditure,RO,Romania,2023,,132137.8,,,,,
dataflow,ESTAT:GOV_10A_EXP(1.0),General government expenditure by function (COFOG),A,Annual,MIO_EUR,Million euro,S13,General government,TOTAL,Total,TE,Total general government expenditure,SE,Sweden,2014,,225647.0,,,,,
dataflow,ESTAT:GOV_10A_EXP(1.0),General government expenditure by function (COFOG),A,Annual,MIO_EUR,Million euro,S13,General government,TOTAL,Total,TE,Total general government expenditure,SE,Sweden,2015,,227807.8,,,,,
dataflow,ESTAT:GOV_10A_EXP(1.0),General government expenditure by function (COFOG),A,Annual,MIO_EUR,Million euro,S13,General government,TOTAL,Total,TE,Total general government expenditure,SE,Sweden,2016,,234425.7,,,,,
dataflow,ESTAT:GOV_10A_EXP(1.0),General government expenditure by function (COFOG),A,Annual,MIO_EUR,Million euro,S13,General government,TOTAL,Total,TE,Total general government expenditure,SE,Sweden,2017,,238697.8,,,,,
dataflow,ESTAT:GOV_10A_EXP(1.0),General government expenditure by function (COFOG),A,Annual,MIO_EUR,Million euro,S13,General government,TOTAL,Total,TE,Total general government expenditure,SE,Sweden,2018,,236905.3,,,,,
dataflow,ESTAT:GOV_10A_EXP(1.0),General government expenditure by function (COFOG),A,Annual,MIO_EUR,Million euro,S13,General government,TOTAL,Total,TE,Total general government expenditure,SE,Sweden,2019,,236371.9,,,,,
dataflow,ESTAT:GOV_10A_EXP(1.0),General government expenditure by function (COFOG),A,Annual,MIO_EUR,Million euro,S13,General government,TOTAL,Total,TE,Total general government expenditure,SE,Sweden,2020,,253938.9,,,,,
dataflow,ESTAT:GOV_10A_EXP(1.0),General government expenditure by function (COFOG),A,Annual,MIO_EUR,Million euro,S13,General government,TOTAL,Total,TE,Total general government expenditure,SE,Sweden,2021,,269219.5,,,,,
dataflow,ESTAT:GOV_10A_EXP(1.0),General government expenditure by function (COFOG),A,Annual,MIO_EUR,Million euro,S13,General government,TOTAL,Total,TE,Total general government expenditure,SE,Sweden,2022,,270125.9,,,,,
dataflow,ESTAT:GOV_10A_EXP(1.0),General government expenditure by function (COFOG),A,Annual,MIO_EUR,Million euro,S13,General government,TOTAL,Total,TE,Total general government expenditure,SE,Sweden,2023,,267649.1,,,,,
dataflow,ESTAT:GOV_10A_EXP(1.0),General government expenditure by function (COFOG),A,Annual,MIO_EUR,Million euro,S13,General government,TOTAL,Total,TE,Total general government expenditure,SI,Slovenia,2014,,18842.5,,,,,
dataflow,ESTAT:GOV_10A_EXP(1.0),General government expenditure by function (COFOG),A,Annual,MIO_EUR,Million euro,S13,General government,TOTAL,Total,TE,Total general government expenditure,SI,Slovenia,2015,,19052.4,,,,,
dataflow,ESTAT:GOV_10A_EXP(1.0),General government expenditure by function (COFOG),A,Annual,MIO_EUR,Million euro,S13,General government,TOTAL,Total,TE,Total general government expenditure,SI,Slovenia,2016,,18769.9,,,,,
dataflow,ESTAT:GOV_10A_EXP(1.0),General government expenditure by function (COFOG),A,Annual,MIO_EUR,Million euro,S13,General government,TOTAL,Total,TE,Total general government expenditure,SI,Slovenia,2017,,19015.5,,,,,
dataflow,ESTAT:GOV_10A_EXP(1.0),General government expenditure by function (COFOG),A,Annual,MIO_EUR,Million euro,S13,General government,TOTAL,Total,TE,Total general government expenditure,SI,Slovenia,2018,,20030.2,,,,,
dataflow,ESTAT:GOV_10A_EXP(1.0),General government expenditure by function (COFOG),A,Annual,MIO_EUR,Million euro,S13,General government,TOTAL,Total,TE,Total general government expenditure,SI,Slovenia,2019,,21084.0,,,,,
dataflow,ESTAT:GOV_10A_EXP(1.0),General government expenditure by function (COFOG),A,Annual,MIO_EUR,Million euro,S13,General government,TOTAL,Total,TE,Total general government expenditure,SI,Slovenia,2020,,24209.4,,,,,
dataflow,ESTAT:GOV_10A_EXP(1.0),General government expenditure by function (COFOG),A,Annual,MIO_EUR,Million euro,S13,General government,TOTAL,Total,TE,Total general government expenditure,SI,Slovenia,2021,,25955.6,,,,,
dataflow,ESTAT:GOV_10A_EXP(1.0),General government expenditure by function (COFOG),A,Annual,MIO_EUR,Million euro,S13,General government,TOTAL,Total,TE,Total general government expenditure,SI,Slovenia,2022,,27116.5,,,,,
dataflow,ESTAT:GOV_10A_EXP(1.0),General government expenditure by function (COFOG),A,Annual,MIO_EUR,Million euro,S13,General government,TOTAL,Total,TE,Total general government expenditure,SI,Slovenia,2023,,29814.3,,,,,
dataflow,ESTAT:GOV_10A_EXP(1.0),General government expenditure by function (COFOG),A,Annual,MIO_EUR,Million euro,S13,General government,TOTAL,Total,TE,Total general government expenditure,SK,Slovakia,2014,,32113.9,,p,provisional,,
dataflow,ESTAT:GOV_10A_EXP(1.0),General government expenditure by function (COFOG),A,Annual,MIO_EUR,Million euro,S13,General government,TOTAL,Total,TE,Total general government expenditure,SK,Slovakia,2015,,35467.2,,p,provisional,,
dataflow,ESTAT:GOV_10A_EXP(1.0),General government expenditure by function (COFOG),A,Annual,MIO_EUR,Million euro,S13,General government,TOTAL,Total,TE,Total general government expenditure,SK,Slovakia,2016,,33382.7,,p,provisional,,
dataflow,ESTAT:GOV_10A_EXP(1.0),General government expenditure by function (COFOG),A,Annual,MIO_EUR,Million euro,S13,General government,TOTAL,Total,TE,Total general government expenditure,SK,Slovakia,2017,,33797.3,,p,provisional,,
dataflow,ESTAT:GOV_10A_EXP(1.0),General government expenditure by function (COFOG),A,Annual,MIO_EUR,Million euro,S13,General government,TOTAL,Total,TE,Total general government expenditure,SK,Slovakia,2018,,35790.4,,p,provisional,,
dataflow,ESTAT:GOV_10A_EXP(1.0),General government expenditure by function (COFOG),A,Annual,MIO_EUR,Million euro,S13,General government,TOTAL,Total,TE,Total general government expenditure,SK,Slovakia,2019,,38432.4,,p,provisional,,
dataflow,ESTAT:GOV_10A_EXP(1.0),General government expenditure by function (COFOG),A,Annual,MIO_EUR,Million euro,S13,General government,TOTAL,Total,TE,Total general government expenditure,SK,Slovakia,2020,,41972.4,,p,provisional,,
dataflow,ESTAT:GOV_10A_EXP(1.0),General government expenditure by function (COFOG),A,Annual,MIO_EUR,Million euro,S13,General government,TOTAL,Total,TE,Total general government expenditure,SK,Slovakia,2021,,45690.6,,p,provisional,,
dataflow,ESTAT:GOV_10A_EXP(1.0),General government expenditure by function (COFOG),A,Annual,MIO_EUR,Million euro,S13,General government,TOTAL,Total,TE,Total general government expenditure,SK,Slovakia,2022,,47372.7,,p,provisional,,
dataflow,ESTAT:GOV_10A_EXP(1.0),General government expenditure by function (COFOG),A,Annual,MIO_EUR,Million euro,S13,General government,TOTAL,Total,TE,Total general government expenditure,SK,Slovakia,2023,,59595.8,,p,provisional,,
